timestamp,temp_bmp_c,pressure_hpa
2026-10-01 00:00:15,10.73,985.73
2026-10-01 00:05:15,10.71,985.73
2026-10-01 00:10:15,10.77,985.72
2026-10-01 00:15:15,10.81,985.72
2026-10-01 00:20:15,10.89,985.75
2026-10-01 00:25:15,10.71,985.75
2026-10-01 00:30:15,10.6,985.75
2026-10-01 00:35:15,10.54,985.75
2026-10-01 00:40:15,10.52,985.8
2026-10-01 00:45:15,10.37,985.76
2026-10-01 00:50:15,10.25,985.72
2026-10-01 00:55:15,10.17,985.71
2026-10-01 01:00:15,10.18,985.7
2026-10-01 01:05:15,10.21,985.73
2026-10-01 01:10:15,10.16,985.76
2026-10-01 01:15:15,10.11,985.76
2026-10-01 01:20:15,10.07,985.65
2026-10-01 01:25:15,9.96,985.66
2026-10-01 01:30:15,9.84,985.7
2026-10-01 01:35:15,9.77,985.7
2026-10-01 01:40:15,9.73,985.67
2026-10-01 01:45:15,9.62,985.63
2026-10-01 01:50:15,9.54,985.65
2026-10-01 01:55:15,9.41,985.57
2026-10-01 02:00:15,9.36,985.58
2026-10-01 02:05:15,9.26,985.57
2026-10-01 02:10:15,9.22,985.53
2026-10-01 02:15:15,9.17,985.56
2026-10-01 02:20:15,9.1,985.54
2026-10-01 02:25:15,9.06,985.53
2026-10-01 02:30:15,9.04,985.52
2026-10-01 02:35:15,9.04,985.55
2026-10-01 02:40:15,9.12,985.54
2026-10-01 02:45:15,9.21,985.5
2026-10-01 02:50:15,9.25,985.47
2026-10-01 02:55:15,9.27,985.46
2026-10-01 03:00:15,9.17,985.47
2026-10-01 03:05:15,9.14,985.46
2026-10-01 03:10:15,9.12,985.43
2026-10-01 03:15:15,9.04,985.35
2026-10-01 03:20:15,8.94,985.32
2026-10-01 03:25:15,8.75,985.29
2026-10-01 03:30:15,8.69,985.33
2026-10-01 03:35:15,8.59,985.32
2026-10-01 03:40:15,8.47,985.37
2026-10-01 03:45:15,8.45,985.36
2026-10-01 03:50:15,8.44,985.35
2026-10-01 03:55:15,8.49,985.38
2026-10-01 04:00:15,8.57,985.39
2026-10-01 04:05:15,8.68,985.43
2026-10-01 04:10:15,8.66,985.38
2026-10-01 04:15:15,8.68,985.35
2026-10-01 04:20:15,8.77,985.36
2026-10-01 04:25:15,8.87,985.44
2026-10-01 04:30:15,8.99,985.42
2026-10-01 04:35:15,9.02,985.42
2026-10-01 04:40:15,9.01,985.51
2026-10-01 04:45:15,8.99,985.51
2026-10-01 04:50:15,9.06,985.57
2026-10-01 04:55:15,9.02,985.55
2026-10-01 05:00:15,8.95,985.52
2026-10-01 05:05:15,8.95,985.52
2026-10-01 05:10:15,8.99,985.53
2026-10-01 05:15:15,8.99,985.5
2026-10-01 05:20:15,8.98,985.55
2026-10-01 05:25:15,8.97,985.58
2026-10-01 05:30:15,8.98,985.56
2026-10-01 05:35:15,9.05,985.57
2026-10-01 05:40:15,9.14,985.55
2026-10-01 05:45:15,9.31,985.57
2026-10-01 05:50:15,9.43,985.65
2026-10-01 05:55:15,9.37,985.65
2026-10-01 06:00:15,9.3,985.66
2026-10-01 06:05:15,9.26,985.67
2026-10-01 06:10:15,9.18,985.64
2026-10-01 06:15:15,9.2,985.6
2026-10-01 06:20:15,9.1,985.6
2026-10-01 06:25:15,9.09,985.61
2026-10-01 06:30:15,8.91,985.66
2026-10-01 06:35:15,8.75,985.7
2026-10-01 06:40:15,8.69,985.77
2026-10-01 06:45:15,8.57,985.84
2026-10-01 06:50:15,8.47,985.9
2026-10-01 06:55:15,8.34,985.92
2026-10-01 07:00:15,8.35,985.96
2026-10-01 07:05:15,8.75,986.0
2026-10-01 07:10:15,8.43,986.08
2026-10-01 07:15:15,8.27,986.07
2026-10-01 07:20:15,8.28,986.12
2026-10-01 07:25:15,8.23,986.16
2026-10-01 07:30:15,8.32,986.21
2026-10-01 07:35:15,8.44,986.2
2026-10-01 07:40:15,8.56,986.18
