2025-02-21 06:49:30,-4.83
2025-02-21 06:51:34,-5.56
2025-02-21 06:53:38,-5.46
2025-02-21 06:55:41,-5.56
2025-02-21 06:57:44,-5.85
2025-02-21 06:59:48,-5.81
2025-02-21 07:01:51,-5.97
2025-02-21 07:03:54,-5.95
2025-02-21 07:05:57,-6.02
2025-02-21 07:08:01,-6.25
2025-02-21 07:10:04,-6.16
2025-02-21 07:12:08,-5.88
2025-02-21 07:14:12,-5.89
2025-02-21 07:16:15,-6.32
2025-02-21 07:18:19,-6.31
2025-02-21 07:20:22,-6.35
2025-02-21 07:22:26,-6.42
2025-02-21 07:24:29,-6.05
2025-02-21 07:26:32,-6.1
2025-02-21 07:28:36,-6.15
2025-02-21 07:30:39,-6.08
2025-02-21 07:32:43,-6.04
2025-02-21 07:34:46,-5.94
2025-02-21 07:36:49,-5.95
2025-02-21 07:38:53,-5.98
2025-02-21 07:40:56,-5.77
2025-02-21 07:42:59,-5.46
2025-02-21 07:45:03,-5.37
2025-02-21 07:47:06,-5.4
2025-02-21 07:49:09,-5.24
2025-02-21 07:51:12,-4.96
2025-02-21 07:53:16,-5.01
2025-02-21 07:55:19,-5.08
2025-02-21 07:57:24,-4.76
2025-02-21 07:59:28,-4.56
2025-02-21 08:01:31,-4.43
2025-02-21 08:03:35,-4.36
2025-02-21 08:05:38,-4.17
2025-02-21 08:07:41,-3.89
2025-02-21 08:09:44,-3.78
2025-02-21 08:11:48,-3.58
2025-02-21 08:13:51,-3.5
2025-02-21 08:15:54,-3.27
2025-02-21 08:17:58,-3.06
2025-02-21 08:20:01,-2.86
2025-02-21 08:22:05,-3.26
2025-02-21 08:24:08,-3.05
2025-02-21 08:26:11,-2.96
2025-02-21 08:28:14,-2.89
2025-02-21 08:30:18,-2.83
2025-02-21 08:32:21,-2.77
2025-02-21 08:34:24,-2.12
2025-02-21 08:36:28,-2.32
2025-02-21 08:38:31,-2.29
2025-02-21 08:40:34,-1.9
2025-02-21 08:42:37,-2.12
2025-02-21 08:44:40,-1.85
2025-02-21 08:46:44,-1.65
2025-02-21 08:48:47,-1.71
2025-02-21 08:50:50,-1.93
2025-02-21 08:52:53,-1.7
2025-02-21 08:54:56,-1.46
2025-02-21 08:56:59,-1.32
2025-02-21 08:59:03,-1.34
2025-02-21 09:01:06,-1.16
2025-02-21 09:03:10,-1.35
2025-02-21 09:05:13,-1.12
2025-02-21 09:07:16,-1.05
2025-02-21 09:09:20,-0.96
2025-02-21 09:11:23,-0.65
2025-02-21 09:13:26,-0.37
2025-02-21 09:15:30,-0.28
2025-02-21 09:17:33,-0.22
2025-02-21 09:19:37,0.03
2025-02-21 09:21:40,-0.19
2025-02-21 09:23:43,0.15
2025-02-21 09:25:46,0.08
2025-02-21 09:27:50,0.38
2025-02-21 09:29:53,0.56
2025-02-21 09:31:57,0.37
2025-02-21 09:34:00,0.9
2025-02-21 09:36:04,0.36
2025-02-21 09:38:07,0.13
2025-02-21 09:40:10,0.11
2025-02-21 09:42:13,0.46
2025-02-21 09:44:16,0.69
2025-02-21 09:46:20,0.82
2025-02-21 09:48:23,0.51
2025-02-21 09:50:26,0.57
2025-02-21 09:52:29,0.79
2025-02-21 09:54:33,0.88
2025-02-21 09:56:36,1.45
2025-02-21 09:58:40,1.4
2025-02-21 10:00:43,0.88
2025-02-21 10:02:46,0.87
2025-02-21 10:04:49,1.12
2025-02-21 10:06:52,1.32
2025-02-21 10:08:55,1.44
2025-02-21 10:10:59,1.7
2025-02-21 10:13:04,2.17
2025-02-21 10:15:07,1.48
2025-02-21 10:17:10,1.46
2025-02-21 10:19:13,1.7
2025-02-21 10:21:16,1.93
2025-02-21 10:37:40,2.27
2025-02-21 10:39:44,2.4
2025-02-21 10:41:47,2.26
2025-02-21 10:43:50,2.77
2025-02-21 10:45:54,2.69
2025-02-21 10:47:57,2.93
2025-02-21 10:50:00,2.48
2025-02-21 10:52:04,2.73
2025-02-21 10:54:07,2.77
2025-02-21 10:58:19,2.83
2025-02-21 11:00:23,2.94
2025-02-21 11:02:26,3.14
2025-02-21 11:04:30,3.21
2025-02-21 11:06:35,3.91
2025-02-21 11:08:38,3.29
2025-02-21 16:40:09,3.35
2025-02-21 16:42:14,3.64
2025-02-21 16:44:17,3.6
2025-02-21 16:46:21,3.45
2025-02-21 16:48:24,3.31
2025-02-21 16:50:28,3.27
2025-02-21 16:52:31,2.92
2025-02-21 16:54:34,2.85
2025-02-21 16:56:38,2.87
2025-02-21 16:58:41,2.75
2025-02-21 17:00:45,2.47
2025-02-21 17:02:48,2.44
2025-02-21 17:04:51,2.4
2025-02-21 17:06:55,2.28
2025-02-21 17:08:58,2.1
2025-02-21 17:11:02,2.06
2025-02-21 17:13:05,1.96
2025-02-21 17:15:08,2.12
2025-02-21 17:17:11,1.83
2025-02-21 17:19:14,1.89
2025-02-21 17:21:18,1.81
2025-02-21 17:23:21,1.8
2025-02-21 17:25:24,1.61
2025-02-21 17:27:27,1.28
2025-02-21 17:29:31,1.6
2025-02-21 17:31:34,1.92
2025-02-21 17:33:38,2.08
2025-02-21 17:35:41,1.76
2025-02-21 17:37:45,1.38
2025-02-21 17:39:48,1.3
2025-02-21 17:41:51,1.25
2025-02-21 17:43:54,1.28
2025-02-21 17:45:58,1.19
2025-02-21 17:48:01,1.12
2025-02-21 17:50:05,0.95
2025-02-21 17:52:08,0.99
2025-02-21 17:54:11,0.96
2025-02-21 17:56:15,0.87
2025-02-21 17:58:18,0.68
2025-02-21 18:00:21,0.82
2025-02-21 18:02:25,0.65
2025-02-21 18:04:28,0.76
2025-02-21 18:06:32,0.62
2025-02-21 18:08:35,0.62
2025-02-21 18:10:38,0.73
2025-02-21 18:12:42,0.75
2025-02-21 18:14:45,0.64
2025-02-21 18:16:49,0.63
2025-02-21 18:18:52,0.52
2025-02-21 18:20:55,0.34
2025-02-21 18:22:58,0.02
2025-02-21 18:25:02,0.13
2025-02-21 18:27:05,0.14
2025-02-21 18:29:09,0.25
2025-02-21 18:31:12,0.18
2025-02-21 18:33:15,-0.06
2025-02-21 18:35:18,-0.0
2025-02-21 18:37:22,-0.08
2025-02-21 18:39:25,-0.23
2025-02-21 18:41:28,-0.05
2025-02-21 18:43:31,-0.08
2025-02-21 18:45:34,-0.1
2025-02-21 18:47:39,-0.26
2025-02-21 19:00:32,-0.2
2025-02-21 19:02:36,-0.18
2025-02-21 19:04:40,-0.38
2025-02-21 19:06:44,-0.66
2025-02-21 19:08:47,-0.39
2025-02-21 19:10:50,-0.68
2025-02-21 19:12:53,-0.73
2025-02-21 19:14:57,-0.68
2025-02-21 19:17:01,-0.49
2025-02-21 19:19:04,-0.38
2025-02-21 19:21:08,-0.39
2025-02-21 19:23:11,-0.3
2025-02-21 19:25:14,-0.24
2025-02-21 19:27:17,-0.23
2025-02-21 19:29:21,-0.24
2025-02-21 19:31:24,-0.29
2025-02-21 19:33:27,-0.14
2025-02-21 19:35:31,-0.11
2025-02-21 19:37:35,-0.29
2025-02-21 19:39:38,-0.17
2025-02-21 19:41:42,-0.11
2025-02-21 19:43:45,-0.28
2025-02-21 19:45:48,-0.33
2025-02-21 19:47:51,-0.32
2025-02-21 19:49:54,-0.32
2025-02-21 19:51:57,-0.24
2025-02-21 19:54:00,-0.24
2025-02-21 19:56:03,-0.39
2025-02-21 19:58:06,-0.21
2025-02-21 21:15:27,-0.37
2025-02-21 21:17:31,-0.51
2025-02-21 21:19:34,-0.37
2025-02-21 21:21:38,-0.39
2025-02-21 21:23:41,-0.31
2025-02-21 21:25:44,-0.37
2025-02-21 21:27:48,-0.33
2025-02-21 21:29:52,-0.48
2025-02-21 21:31:55,-0.49
2025-02-21 21:33:59,-0.47
2025-02-21 21:36:02,-0.32
2025-02-21 21:38:06,-0.47
2025-02-21 21:40:09,-0.4
2025-02-21 21:42:13,-0.29
2025-02-21 21:44:16,-0.16
2025-02-21 21:46:19,-0.5
2025-02-21 21:48:22,-0.27
2025-02-21 21:50:26,-0.44
2025-02-21 21:52:31,-0.4
2025-02-21 21:54:35,-0.37
2025-02-21 21:56:38,-0.59
2025-02-21 21:58:41,-0.35
2025-02-21 22:00:44,-0.47
2025-02-21 22:02:48,-0.32
2025-02-21 22:04:51,-0.37
2025-02-21 22:06:54,-0.38
2025-02-21 22:08:57,-0.32
2025-02-21 22:11:01,-0.47
2025-02-21 22:13:04,-0.55
2025-02-21 22:15:08,-0.55
2025-02-21 22:17:11,-0.48
2025-02-21 22:19:14,-0.47
2025-02-21 22:21:18,-0.58
2025-02-21 22:23:21,-0.63
2025-02-21 22:25:24,-0.49
2025-02-21 22:27:27,-0.63
2025-02-21 22:29:31,-0.66
2025-02-21 22:31:34,-0.71
2025-02-21 22:33:38,-0.6
2025-02-21 22:35:41,-0.65
2025-02-21 22:37:44,-0.68
2025-02-21 22:39:48,-0.65
2025-02-21 22:41:52,-0.77
2025-02-21 22:43:55,-0.87
2025-02-21 22:45:58,-0.83
2025-02-21 22:48:02,-0.78
2025-02-21 22:50:05,-0.73
2025-02-21 22:52:09,-0.76
2025-02-21 22:54:12,-0.73
2025-02-21 22:56:15,-0.73
2025-02-21 22:58:19,-0.71
2025-02-21 23:00:22,-0.81
2025-02-21 23:02:25,-0.75
2025-02-21 23:04:29,-0.69
2025-02-21 23:06:32,-0.62
2025-02-21 23:08:35,-0.54
2025-02-21 23:10:38,-0.57
2025-02-21 23:12:42,-0.49
2025-02-21 23:14:45,-0.5
2025-02-21 23:16:48,-0.62
2025-02-21 23:18:51,-0.63
2025-02-21 23:20:54,-0.68
2025-02-21 23:22:58,-0.64
2025-02-21 23:25:03,-0.61
2025-02-21 23:27:06,-0.75
2025-02-21 23:29:09,-0.67
2025-02-21 23:31:12,-0.81
2025-02-21 23:33:16,-0.69
2025-02-21 23:35:19,-0.84
2025-02-21 23:37:22,-0.9
2025-02-21 23:39:26,-0.96
2025-02-21 23:41:29,-0.76
2025-02-21 23:43:32,-0.75
2025-02-21 23:45:35,-0.78
2025-02-21 23:47:38,-0.7
2025-02-21 23:49:42,-0.87
2025-02-21 23:51:45,-0.95
2025-02-21 23:53:48,-0.81
2025-02-21 23:55:52,-1.38
2025-02-21 23:57:55,-1.35
2025-02-21 23:59:58,-1.34
2025-02-22 00:02:02,-1.56
2025-02-22 00:04:05,-1.43
2025-02-22 00:06:08,-1.44
2025-02-22 00:08:11,-1.42
2025-02-22 00:10:17,-1.61
2025-02-22 00:12:20,-1.46
2025-02-22 00:14:23,-1.48
2025-02-22 00:16:26,-1.62
2025-02-22 00:18:29,-1.36
2025-02-22 00:20:33,-1.48
2025-02-22 00:22:36,-1.27
2025-02-22 00:24:39,-1.17
2025-02-22 00:26:42,-0.92
2025-02-22 00:28:46,-1.03
2025-02-22 00:30:49,-1.0
2025-02-22 00:32:52,-0.93
2025-02-22 00:34:56,-0.84
2025-02-22 00:37:00,-0.97
2025-02-22 00:39:03,-0.91
2025-02-22 00:41:06,-0.78
2025-02-22 00:43:11,-1.07
2025-02-22 00:45:14,-1.12
2025-02-22 00:47:17,-1.03
2025-02-22 00:49:20,-1.09
2025-02-22 00:51:24,-1.12
2025-02-22 00:53:27,-1.12
2025-02-22 00:55:30,-1.24
2025-02-22 00:57:33,-1.09
2025-02-22 00:59:36,-1.09
2025-02-22 01:01:40,-1.02
2025-02-22 01:03:43,-1.19
2025-02-22 01:05:46,-1.06
2025-02-22 01:07:50,-1.11
2025-02-22 01:09:53,-1.04
2025-02-22 01:11:57,-1.16
2025-02-22 01:14:01,-1.08
2025-02-22 01:16:04,-1.25
2025-02-22 01:18:07,-1.14
2025-02-22 01:20:09,-1.22
2025-02-22 01:22:13,-1.19
2025-02-22 01:24:16,-1.17
2025-02-22 01:26:19,-1.15
2025-02-22 01:28:22,-1.14
2025-02-22 01:30:25,-1.29
2025-02-22 01:32:29,-1.69
2025-02-22 01:34:32,-1.71
2025-02-22 01:36:35,-1.55
2025-02-22 01:38:38,-1.5
2025-02-22 01:40:41,-1.65
2025-02-22 01:42:44,-1.63
2025-02-22 01:44:47,-1.66
2025-02-22 01:46:51,-1.7
2025-02-22 01:48:54,-1.87
2025-02-22 01:50:57,-1.88
2025-02-22 01:53:00,-1.91
2025-02-22 01:55:04,-1.86
2025-02-22 01:57:07,-1.93
2025-02-22 01:59:10,-1.78
2025-02-22 02:01:14,-1.73
2025-02-22 02:03:17,-1.71
2025-02-22 02:05:20,-1.77
2025-02-22 02:07:23,-1.78
2025-02-22 02:09:26,-1.75
2025-02-22 02:11:30,-1.63
2025-02-22 02:13:33,-1.7
2025-02-22 02:15:36,-1.82
2025-02-22 02:17:39,-1.82
2025-02-22 02:19:42,-1.93
2025-02-22 02:21:45,-1.63
2025-02-22 02:23:48,-1.82
2025-02-22 02:25:51,-1.84
2025-02-22 02:27:54,-1.86
2025-02-22 02:29:58,-1.69
2025-02-22 02:32:01,-1.86
2025-02-22 02:34:04,-1.61
2025-02-22 02:36:07,-1.74
2025-02-22 02:38:10,-1.98
2025-02-22 02:40:13,-1.86
2025-02-22 02:42:16,-1.88
2025-02-22 02:44:19,-1.82
2025-02-22 02:46:23,-1.67
2025-02-22 02:48:26,-1.69
2025-02-22 02:50:29,-1.82
2025-02-22 02:52:33,-1.84
2025-02-22 02:54:36,-1.58
2025-02-22 02:56:39,-1.56
2025-02-22 02:58:43,-1.27
2025-02-22 03:00:47,-1.44
2025-02-22 03:02:50,-1.74
2025-02-22 03:04:53,-1.69
2025-02-22 03:06:56,-1.87
2025-02-22 03:08:59,-1.82
2025-02-22 03:11:02,-1.82
2025-02-22 03:13:06,-1.83
2025-02-22 03:15:10,-1.78
2025-02-22 03:17:13,-1.85
2025-02-22 03:19:16,-1.68
2025-02-22 03:21:19,-1.77
2025-02-22 03:23:23,-1.53
2025-02-22 03:25:26,-1.63
2025-02-22 03:27:29,-1.6
2025-02-22 03:29:32,-1.56
2025-02-22 03:31:35,-1.61
2025-02-22 03:33:38,-1.47
2025-02-22 03:35:42,-1.43
2025-02-22 03:37:45,-1.35
2025-02-22 03:39:48,-1.25
2025-02-22 03:41:51,-1.29
2025-02-22 03:43:54,-1.32
2025-02-22 03:45:58,-1.25
2025-02-22 03:48:01,-1.19
2025-02-22 03:50:04,-0.97
2025-02-22 03:52:07,-1.14
2025-02-22 03:54:10,-1.34
2025-02-22 03:56:14,-1.61
2025-02-22 03:58:17,-1.62
2025-02-22 04:00:20,-1.51
2025-02-22 04:02:24,-1.76
2025-02-22 04:04:27,-1.77
2025-02-22 04:06:30,-2.08
2025-02-22 04:08:34,-1.97
2025-02-22 04:10:37,-1.78
2025-02-22 04:12:42,-1.88
2025-02-22 04:14:45,-1.81
2025-02-22 04:16:48,-1.56
2025-02-22 04:18:51,-1.55
2025-02-22 04:20:54,-1.59
2025-02-22 04:22:58,-1.46
2025-02-22 04:25:01,-1.36
2025-02-22 04:27:04,-1.32
2025-02-22 04:29:07,-1.52
2025-02-22 04:31:10,-1.4
2025-02-22 04:33:14,-1.2
2025-02-22 04:35:17,-1.55
2025-02-22 04:37:22,-0.98
2025-02-22 04:39:25,-1.06
2025-02-22 04:41:28,-1.41
2025-02-22 04:43:31,-0.99
2025-02-22 04:45:35,-0.89
2025-02-22 04:47:38,-1.46
2025-02-22 04:49:42,-1.45
2025-02-22 04:51:45,-1.57
2025-02-22 04:53:49,-1.45
2025-02-22 04:55:52,-1.42
2025-02-22 04:57:55,-1.62
2025-02-22 04:59:59,-1.52
2025-02-22 05:02:02,-1.62
2025-02-22 05:04:05,-1.47
2025-02-22 05:06:08,-1.49
2025-02-22 05:08:13,-1.46
2025-02-22 05:10:16,-1.57
2025-02-22 05:12:20,-1.6
2025-02-22 05:14:23,-1.45
2025-02-22 05:16:26,-1.56
2025-02-22 05:18:29,-1.62
2025-02-22 05:20:33,-1.73
2025-02-22 05:22:36,-1.63
2025-02-22 05:24:39,-1.75
2025-02-22 05:26:42,-1.78
2025-02-22 05:28:46,-1.82
2025-02-22 05:30:49,-1.7
2025-02-22 05:32:52,-1.74
2025-02-22 05:34:55,-1.76
2025-02-22 05:36:58,-1.75
2025-02-22 05:39:01,-1.75
2025-02-22 05:41:05,-1.75
2025-02-22 05:43:08,-1.9
2025-02-22 05:45:11,-1.84
2025-02-22 05:47:14,-1.88
2025-02-22 05:49:18,-1.88
2025-02-22 05:51:21,-1.87
2025-02-22 05:53:24,-1.94
2025-02-22 05:55:27,-1.96
2025-02-22 05:57:31,-1.74
2025-02-22 05:59:34,-1.87
2025-02-22 06:01:37,-1.81
2025-02-22 06:03:41,-1.85
2025-02-22 06:05:44,-1.85
2025-02-22 06:07:47,-1.99
2025-02-22 06:09:51,-1.94
2025-02-22 06:11:54,-1.82
2025-02-22 06:13:58,-1.77
2025-02-22 06:16:01,-1.8
2025-02-22 06:18:05,-1.78
2025-02-22 06:20:08,-1.83
2025-02-22 06:22:12,-1.82
2025-02-22 06:24:15,-1.86
2025-02-22 06:26:18,-1.88
2025-02-22 06:28:21,-1.71
2025-02-22 06:30:25,-1.89
2025-02-22 06:32:28,-1.89
2025-02-22 06:34:32,-1.8
2025-02-22 06:36:35,-1.77
2025-02-22 06:38:38,-1.66
2025-02-22 06:40:41,-1.83
2025-02-22 06:42:45,-1.56
2025-02-22 06:44:48,-1.62
2025-02-22 06:46:51,-1.7
2025-02-22 06:48:54,-1.78
2025-02-22 06:50:58,-1.55
2025-02-22 06:53:01,-1.68
2025-02-22 06:55:05,-1.75
2025-02-22 06:57:08,-1.67
2025-02-22 06:59:12,-1.53
2025-02-22 07:01:15,-1.56
2025-02-22 07:03:19,-1.68
2025-02-22 07:05:22,-1.48
2025-02-22 07:07:25,-1.34
2025-02-22 07:09:29,-1.35
2025-02-22 07:11:32,-1.03
2025-02-22 07:13:36,-1.32
2025-02-22 07:15:39,-0.99
2025-02-22 07:17:42,-1.05
2025-02-22 07:19:46,-0.95
2025-02-22 07:21:49,-1.04
2025-02-22 07:23:52,-0.85
2025-02-22 07:25:55,-0.56
2025-02-22 07:27:59,-0.75
2025-02-22 07:30:02,-0.54
2025-02-22 07:32:05,-0.51
2025-02-22 07:34:08,-0.44
2025-02-22 07:36:12,-0.22
2025-02-22 07:38:15,-0.11
2025-02-22 07:40:19,-0.19
2025-02-22 07:42:22,-0.18
2025-02-22 07:44:26,-0.31
2025-02-22 07:46:29,-0.17
2025-02-22 07:48:33,-0.01
2025-02-22 07:50:36,0.07
2025-02-22 07:52:39,0.04
2025-02-22 07:54:43,-0.07
2025-02-22 07:56:46,0.04
2025-02-22 07:58:50,0.35
2025-02-22 08:00:53,0.34
2025-02-22 08:02:57,0.44
2025-02-22 08:05:00,0.37
2025-02-22 08:07:03,0.61
2025-02-22 08:09:06,0.51
2025-02-22 08:11:10,0.44
2025-02-22 08:13:13,0.37
2025-02-22 08:15:16,0.66
2025-02-22 08:17:19,0.72
2025-02-22 08:19:23,0.64
2025-02-22 08:21:26,0.58
2025-02-22 08:23:30,0.91
2025-02-22 08:25:33,0.81
2025-02-22 08:27:36,1.05
2025-02-22 08:29:39,0.87
2025-02-22 08:31:43,1.08
2025-02-22 08:33:46,1.31
2025-02-22 08:35:49,1.21
2025-02-22 08:37:53,1.51
2025-02-22 08:39:56,1.71
2025-02-22 08:41:59,1.66
2025-02-22 08:44:02,1.67
2025-02-22 08:46:06,1.67
2025-02-22 08:48:09,1.27
2025-02-22 08:50:12,1.28
2025-02-22 08:52:16,2.01
2025-02-22 08:54:21,1.45
2025-02-22 08:56:24,1.63
2025-02-22 08:58:28,1.64
2025-02-22 09:00:31,1.7
2025-02-22 09:02:35,1.6
2025-02-22 09:04:39,1.96
2025-02-22 09:06:42,2.12
2025-02-22 09:08:46,1.88
2025-02-22 09:10:49,2.42
2025-02-22 09:12:53,2.22
2025-02-22 09:14:57,2.25
2025-02-22 09:17:00,2.4
2025-02-22 09:19:04,2.39
2025-02-22 09:21:09,2.21
2025-02-22 09:23:14,2.3
2025-02-22 09:25:17,2.61
2025-02-22 09:27:21,2.19
2025-02-22 09:29:24,2.34
2025-02-22 09:31:27,2.41
2025-02-22 09:33:31,2.66
2025-02-22 09:35:34,2.69
2025-02-22 09:37:38,3.05
2025-02-22 09:39:42,2.99
2025-02-22 09:41:46,2.84
2025-02-22 09:43:49,3.32
2025-02-22 09:45:53,3.32
2025-02-22 09:47:56,3.43
2025-02-22 09:50:00,3.19
2025-02-22 09:52:03,3.42
2025-02-22 09:54:07,3.56
2025-02-22 09:56:11,3.43
2025-02-22 09:58:16,3.29
2025-02-22 10:00:19,3.82
2025-02-22 10:02:22,3.51
2025-02-22 10:04:26,3.65
2025-02-22 10:06:29,3.54
2025-02-22 10:08:33,3.72
2025-02-22 10:10:36,3.83
2025-02-22 10:12:39,3.78
2025-02-22 10:14:43,4.26
2025-02-22 10:16:46,4.11
2025-02-22 10:18:50,3.72
2025-02-22 10:20:54,3.56
2025-02-22 10:22:57,3.73
2025-02-22 10:25:00,3.94
2025-02-22 10:27:04,4.19
2025-02-22 10:29:08,4.03
2025-02-22 10:31:11,3.98
2025-02-22 10:33:14,4.41
2025-02-22 10:35:18,4.48
2025-02-22 10:37:22,4.18
2025-02-22 10:39:25,4.31
2025-02-22 10:41:29,4.12
2025-02-22 10:43:32,4.34
2025-02-22 10:45:36,4.43
2025-02-22 10:47:39,4.22
2025-02-22 10:49:43,4.31
2025-02-22 10:51:46,4.48
2025-02-22 10:53:50,4.54
2025-02-22 10:55:54,4.55
2025-02-22 10:57:57,4.6
2025-02-22 11:00:00,4.54
2025-02-22 11:02:04,4.79
2025-02-22 11:04:07,4.79
2025-02-22 11:06:11,4.77
2025-02-22 11:08:14,4.87
2025-02-22 11:10:18,4.96
2025-02-22 11:12:21,5.02
2025-02-22 11:14:25,4.81
2025-02-22 11:16:30,5.09
2025-02-22 11:18:34,5.13
2025-02-22 11:20:37,5.48
2025-02-22 11:22:41,5.58
2025-02-22 11:24:44,5.63
2025-02-22 11:26:48,5.33
2025-02-22 11:28:51,5.63
2025-02-22 11:30:55,6.01
2025-02-22 11:32:58,5.77
2025-02-22 11:35:01,5.85
2025-02-22 11:37:05,5.77
2025-02-22 11:39:08,5.33
2025-02-22 11:41:12,5.64
2025-02-22 11:43:15,5.86
2025-02-22 11:45:18,6.08
2025-02-22 11:47:21,6.44
2025-02-22 11:49:25,6.7
2025-02-22 11:51:28,6.0
2025-02-22 11:53:31,6.17
2025-02-22 11:55:34,4.23
2025-02-22 11:57:37,4.0
2025-02-22 11:59:41,4.11
2025-02-22 12:01:44,4.27
2025-02-22 12:03:48,4.18
2025-02-22 12:05:51,4.6
2025-02-22 12:07:55,3.86
2025-02-22 12:09:58,3.95
2025-02-22 12:12:01,4.38
2025-02-22 12:14:04,4.51
2025-02-22 12:16:07,4.65
2025-02-22 12:18:11,4.16
2025-02-22 12:20:14,4.66
2025-02-22 12:22:18,4.66
2025-02-22 12:24:22,5.22
2025-02-22 12:26:25,4.57
2025-02-22 12:28:31,4.4
2025-02-22 12:30:34,4.68
2025-02-22 12:32:38,4.94
2025-02-22 12:34:41,4.84
2025-02-22 12:36:45,4.9
2025-02-22 12:38:48,4.67
2025-02-22 12:40:52,5.21
2025-02-22 12:42:55,4.99
2025-02-22 12:44:59,4.61
2025-02-22 12:47:02,4.65
2025-02-22 12:49:06,4.79
2025-02-22 12:51:09,5.44
2025-02-22 12:53:13,5.93
2025-02-22 12:55:16,5.43
2025-02-22 12:57:21,5.59
2025-02-22 12:59:24,5.69
2025-02-22 13:01:27,5.64
2025-02-22 13:03:31,5.38
2025-02-22 13:05:34,5.46
2025-02-22 13:07:38,5.08
2025-02-22 13:09:41,5.9
2025-02-22 13:11:45,6.19
2025-02-22 13:13:48,6.4
2025-02-22 13:15:51,5.81
2025-02-22 13:17:55,6.78
2025-02-22 13:19:58,6.27
2025-02-22 13:22:01,6.6
2025-02-22 13:24:04,5.66
2025-02-22 13:26:08,6.25
2025-02-22 13:28:12,6.18
2025-02-22 13:30:15,6.16
2025-02-22 13:32:19,6.56
2025-02-22 13:34:22,6.41
2025-02-22 13:36:25,6.53
2025-02-22 13:38:29,6.87
2025-02-22 13:40:33,6.46
2025-02-22 13:42:36,6.5
2025-02-22 13:44:40,7.11
2025-02-22 13:46:43,7.12
2025-02-22 13:48:47,6.91
2025-02-22 13:50:50,7.01
2025-02-22 13:52:54,6.77
2025-02-22 13:54:57,7.21
2025-02-22 13:57:00,6.64
2025-02-22 13:59:04,7.43
2025-02-22 14:01:07,7.16
2025-02-22 14:03:11,7.41
2025-02-22 14:05:14,6.53
2025-02-22 14:07:18,7.01
2025-02-22 14:09:21,7.06
2025-02-22 14:11:25,6.95
2025-02-22 14:13:28,6.69
2025-02-22 14:15:31,6.77
2025-02-22 14:17:35,7.42
2025-02-22 14:19:38,6.61
2025-02-22 14:21:41,6.86
2025-02-22 14:23:44,6.8
2025-02-22 14:25:48,6.61
2025-02-22 14:27:51,6.88
2025-02-22 14:29:55,6.88
2025-02-22 14:31:58,6.5
2025-02-22 14:34:02,6.95
2025-02-22 14:36:05,6.26
2025-02-22 14:38:08,6.59
2025-02-22 14:40:12,6.6
2025-02-22 14:42:17,7.4
2025-02-22 14:44:20,7.51
2025-02-22 14:46:24,6.95
2025-02-22 14:48:27,6.82
2025-02-22 14:50:30,6.72
2025-02-22 14:52:34,7.39
2025-02-22 14:54:37,7.26
2025-02-22 14:56:41,7.1
2025-02-22 14:58:44,6.78
2025-02-22 15:00:48,6.64
2025-02-22 15:02:51,6.52
2025-02-22 15:04:55,6.47
2025-02-22 15:06:58,6.64
2025-02-22 15:09:01,6.45
2025-02-22 15:11:05,6.42
2025-02-22 15:13:08,6.64
2025-02-22 15:15:12,6.72
2025-02-22 15:17:15,7.03
2025-02-22 15:19:19,6.83
2025-02-22 15:21:23,6.66
2025-02-22 15:23:26,6.36
2025-02-22 15:25:29,6.52
2025-02-22 15:27:33,6.34
2025-02-22 15:29:36,6.3
2025-02-22 15:31:40,6.22
2025-02-22 15:33:43,6.16
2025-02-22 15:35:47,6.19
2025-02-22 15:37:50,6.2
2025-02-22 15:39:54,6.78
2025-02-22 15:41:57,6.54
2025-02-22 15:44:00,6.58
2025-02-22 15:46:04,6.16
2025-02-22 15:48:07,6.09
2025-02-22 15:50:11,6.55
2025-02-22 15:52:14,6.0
2025-02-22 15:54:18,6.59
2025-02-22 15:56:21,5.85
2025-02-22 15:58:25,6.28
2025-02-22 16:00:28,6.0
2025-02-22 16:02:32,6.17
2025-02-22 16:04:35,5.92
2025-02-22 16:06:39,6.32
2025-02-22 16:08:42,6.19
2025-02-22 16:10:46,5.86
2025-02-22 16:12:49,6.22
2025-02-22 16:14:53,6.28
2025-02-22 16:16:57,6.25
2025-02-22 16:19:00,5.91
2025-02-22 16:21:04,5.76
2025-02-22 16:23:08,6.01
2025-02-22 16:25:11,5.78
2025-02-22 16:27:15,5.9
2025-02-22 16:29:18,5.81
2025-02-22 16:31:22,5.43
2025-02-22 16:33:25,5.21
2025-02-22 16:35:30,5.35
2025-02-22 16:37:34,5.62
2025-02-22 16:39:37,5.3
2025-02-22 16:41:41,5.14
2025-02-22 16:43:44,5.18
2025-02-22 16:45:47,4.88
2025-02-22 16:47:51,4.88
2025-02-22 16:49:54,4.87
2025-02-22 16:51:57,4.86
2025-02-22 16:54:01,4.94
2025-02-22 16:56:04,4.84
2025-02-22 16:58:07,4.78
2025-02-22 17:00:11,4.91
2025-02-22 17:02:15,5.21
2025-02-22 17:04:19,4.57
2025-02-22 17:06:22,4.29
2025-02-22 17:08:26,4.39
2025-02-22 17:10:29,4.2
2025-02-22 17:12:32,4.03
2025-02-22 17:14:36,3.77
2025-02-22 17:16:39,3.76
2025-02-22 17:18:43,3.42
2025-02-22 17:20:47,3.05
2025-02-22 17:22:50,2.88
2025-02-22 17:24:54,2.97
2025-02-22 17:26:57,3.06
2025-02-22 17:29:00,3.09
2025-02-22 17:31:04,2.86
2025-02-22 17:33:08,2.84
2025-02-22 17:35:12,2.66
2025-02-22 17:37:15,2.55
2025-02-22 17:39:19,2.17
2025-02-22 17:41:23,2.09
2025-02-22 17:43:26,2.28
2025-02-22 17:45:30,2.22
2025-02-22 17:47:33,2.21
2025-02-22 17:49:37,2.14
2025-02-22 17:51:40,2.05
2025-02-22 17:53:44,2.34
2025-02-22 17:55:48,2.11
2025-02-22 17:57:51,1.95
2025-02-22 17:59:55,1.75
2025-02-22 18:01:58,1.64
2025-02-22 18:04:02,1.48
2025-02-22 18:06:05,1.35
2025-02-22 18:08:09,0.9
2025-02-22 18:10:12,1.17
2025-02-22 18:12:15,1.05
2025-02-22 18:14:19,1.38
2025-02-22 18:16:22,1.22
2025-02-22 18:18:26,1.37
2025-02-22 18:20:29,1.43
2025-02-22 18:22:33,1.18
2025-02-22 18:24:36,1.2
2025-02-22 18:26:40,1.28
2025-02-22 18:28:43,0.96
2025-02-22 18:30:47,0.93
2025-02-22 18:32:51,1.1
2025-02-22 18:34:55,1.21
2025-02-22 18:38:39,1.32
2025-02-22 18:40:46,0.65
2025-02-22 18:42:50,0.87
2025-02-22 18:44:54,0.61
2025-02-22 18:46:57,0.66
2025-02-22 18:49:01,1.07
2025-02-22 18:51:04,0.47
2025-02-22 18:53:08,0.04
2025-02-22 18:55:12,0.15
2025-02-22 18:57:16,0.23
2025-02-22 18:59:19,0.19
2025-02-22 19:01:23,0.32
2025-02-22 19:03:26,0.96
2025-02-22 19:05:30,0.84
2025-02-22 19:07:33,0.97
2025-02-22 19:09:36,0.82
2025-02-22 19:11:40,1.38
2025-02-22 19:13:43,1.16
2025-02-22 19:15:47,1.07
2025-02-22 19:17:50,1.14
2025-02-22 19:19:53,1.03
2025-02-22 19:21:57,1.15
2025-02-22 19:24:00,1.57
2025-02-22 19:26:03,1.5
2025-02-22 19:28:07,1.67
2025-02-22 19:30:10,0.97
2025-02-22 19:32:15,0.71
2025-02-22 19:34:18,0.94
2025-02-22 19:36:21,0.98
2025-02-22 19:38:25,1.15
2025-02-22 19:40:28,0.45
2025-02-22 19:42:31,0.85
2025-02-22 19:44:34,1.23
2025-02-22 19:46:38,0.32
2025-02-22 19:48:41,0.25
2025-02-22 19:50:44,0.81
2025-02-22 19:52:47,1.06
2025-02-22 19:54:51,1.02
2025-02-22 19:56:54,0.73
2025-02-22 19:58:58,0.87
2025-02-22 20:01:01,1.12
2025-02-22 20:03:04,0.31
2025-02-22 20:05:08,-0.01
2025-02-22 20:07:11,0.03
2025-02-22 20:09:14,-0.24
2025-02-22 20:11:18,-0.37
2025-02-22 20:13:21,-0.48
2025-02-22 20:15:24,0.46
2025-02-22 20:17:28,0.59
2025-02-22 20:19:31,0.11
2025-02-22 20:21:35,0.2
2025-02-22 20:23:39,0.39
2025-02-22 20:25:42,0.46
2025-02-22 20:27:45,-0.16
2025-02-22 20:29:49,0.37
2025-02-22 20:31:52,0.59
2025-02-22 20:33:55,0.35
2025-02-22 20:35:59,-0.06
2025-02-22 20:38:02,0.25
2025-02-22 20:40:06,0.39
2025-02-22 20:42:09,0.18
2025-02-22 20:44:13,-0.03
2025-02-22 20:46:16,0.01
2025-02-22 20:48:19,0.16
2025-02-22 20:50:23,0.31
2025-02-22 20:52:26,0.09
2025-02-22 20:54:29,0.12
2025-02-22 20:56:33,0.37
2025-02-22 20:58:36,0.28
2025-02-22 21:00:40,0.26
2025-02-22 21:02:44,0.25
2025-02-22 21:04:47,0.26
2025-02-22 21:06:50,0.29
2025-02-22 21:08:54,0.2
2025-02-22 21:10:57,0.25
2025-02-22 21:13:00,0.1
2025-02-22 21:15:03,0.09
2025-02-22 21:17:06,0.01
2025-02-22 21:19:11,0.09
2025-02-22 21:21:14,0.13
2025-02-22 21:23:19,-0.09
2025-02-22 21:25:22,0.07
2025-02-22 21:27:27,0.47
2025-02-22 21:29:31,0.28
2025-02-22 21:31:34,0.01
2025-02-22 21:33:37,0.3
2025-02-22 21:35:41,-0.03
2025-02-22 21:37:44,-0.0
2025-02-22 21:39:47,0.12
2025-02-22 21:41:51,0.03
2025-02-22 21:43:54,0.29
2025-02-22 21:45:57,-0.04
2025-02-22 21:48:01,0.29
2025-02-22 21:50:04,0.13
2025-02-22 21:52:08,-0.17
2025-02-22 21:54:11,-0.11
2025-02-22 21:56:14,-0.09
2025-02-22 21:58:18,0.09
2025-02-22 22:00:21,0.13
2025-02-22 22:02:24,-0.21
2025-02-22 22:04:27,-0.12
2025-02-22 22:06:31,-0.02
2025-02-22 22:08:34,-0.19
2025-02-22 22:10:38,-0.0
2025-02-22 22:12:41,0.17
2025-02-22 22:14:44,-0.12
2025-02-22 22:16:48,-0.35
2025-02-22 22:18:51,-0.13
2025-02-22 22:20:54,0.02
2025-02-22 22:22:58,-0.13
2025-02-22 22:25:01,-0.24
2025-02-22 22:27:04,-0.11
2025-02-22 22:29:08,-0.03
2025-02-22 22:31:11,-0.04
2025-02-22 22:33:14,-0.41
2025-02-22 22:35:18,-0.22
2025-02-22 22:37:21,-0.59
2025-02-22 22:39:24,-0.22
2025-02-22 22:41:28,-0.4
2025-02-22 22:43:31,-0.42
2025-02-22 22:45:34,-0.4
2025-02-22 22:47:37,-0.21
2025-02-22 22:49:41,-0.06
2025-02-22 22:51:44,-0.24
2025-02-22 22:53:48,-0.39
2025-02-22 22:55:51,0.06
2025-02-22 22:57:54,-0.05
2025-02-22 22:59:58,0.05
2025-02-22 23:02:01,-0.34
2025-02-22 23:04:04,-0.41
2025-02-22 23:06:08,-0.31
2025-02-22 23:08:11,-0.53
2025-02-22 23:10:14,-0.39
2025-02-22 23:12:17,-0.38
2025-02-22 23:14:21,-0.41
2025-02-22 23:16:24,-0.46
2025-02-22 23:18:27,-0.52
2025-02-22 23:20:30,-0.55
2025-02-22 23:22:34,-0.56
2025-02-22 23:24:37,-0.59
2025-02-22 23:26:41,-0.78
2025-02-22 23:28:44,-0.86
2025-02-22 23:30:47,-0.79
2025-02-22 23:32:51,-0.81
2025-02-22 23:34:54,-0.94
2025-02-22 23:36:57,-0.8
2025-02-22 23:39:01,-0.84
2025-02-22 23:41:04,-0.72
2025-02-22 23:43:08,-0.6
2025-02-22 23:45:11,-0.7
2025-02-22 23:47:14,-0.49
2025-02-22 23:49:17,-0.47
2025-02-22 23:51:21,-0.55
2025-02-22 23:53:24,-0.7
2025-02-22 23:55:27,-0.81
2025-02-22 23:57:30,-0.59
2025-02-22 23:59:34,-0.67
2025-02-23 00:01:37,-0.64
2025-02-23 00:03:40,-1.05
2025-02-23 00:05:44,-0.85
2025-02-23 00:07:47,-0.98
2025-02-23 00:09:50,-1.04
2025-02-23 00:11:53,-1.04
2025-02-23 00:13:57,-0.72
2025-02-23 00:16:01,-0.81
2025-02-23 00:18:04,-0.63
2025-02-23 00:20:08,-0.78
2025-02-23 00:22:11,-0.68
2025-02-23 00:24:14,-0.84
2025-02-23 00:26:17,-0.68
2025-02-23 00:28:20,-0.9
2025-02-23 00:30:24,-0.75
2025-02-23 00:32:27,-1.04
2025-02-23 00:34:30,-1.01
2025-02-23 00:36:33,-1.0
2025-02-23 00:38:37,-1.14
2025-02-23 00:40:40,-1.26
2025-02-23 00:42:43,-1.22
2025-02-23 00:44:46,-1.27
2025-02-23 00:46:50,-1.26
2025-02-23 00:48:53,-1.28
2025-02-23 00:50:56,-1.37
2025-02-23 00:52:59,-1.48
2025-02-23 00:55:02,-1.55
2025-02-23 00:57:06,-1.81
2025-02-23 00:59:09,-1.67
2025-02-23 01:01:13,-1.87
2025-02-23 01:03:16,-1.69
2025-02-23 01:05:35,-1.52
2025-02-23 01:07:39,-1.35
2025-02-23 01:09:42,-1.48
2025-02-23 01:11:45,-1.41
2025-02-23 01:13:48,-1.62
2025-02-23 01:15:52,-1.48
2025-02-23 01:17:56,-1.56
2025-02-23 01:20:00,-1.65
2025-02-23 01:22:03,-1.46
2025-02-23 01:24:07,-1.46
2025-02-23 01:26:10,-1.55
2025-02-23 01:28:13,-1.43
2025-02-23 01:30:16,-1.13
2025-02-23 01:32:20,-1.35
2025-02-23 01:34:23,-1.52
2025-02-23 01:36:26,-1.41
2025-02-23 01:38:30,-1.37
2025-02-23 01:40:33,-1.46
2025-02-23 01:42:36,-1.47
2025-02-23 01:44:39,-1.31
2025-02-23 01:46:42,-1.36
2025-02-23 01:48:46,-1.39
2025-02-23 01:50:49,-1.28
2025-02-23 01:52:52,-1.38
2025-02-23 01:54:55,-1.35
2025-02-23 01:56:59,-1.48
2025-02-23 01:59:02,-1.32
2025-02-23 02:01:05,-1.36
2025-02-23 02:03:08,-1.33
2025-02-23 02:05:12,-1.35
2025-02-23 02:07:15,-1.26
2025-02-23 02:09:18,-1.06
2025-02-23 02:11:22,-1.16
2025-02-23 02:13:25,-1.23
2025-02-23 02:15:28,-1.12
2025-02-23 02:17:31,-1.09
2025-02-23 02:19:35,-1.05
2025-02-23 02:21:38,-1.18
2025-02-23 02:23:41,-1.14
2025-02-23 02:25:44,-1.0
2025-02-23 02:27:47,-0.99
2025-02-23 02:29:51,-0.95
2025-02-23 02:31:54,-1.0
2025-02-23 02:33:57,-1.05
2025-02-23 02:36:00,-1.02
2025-02-23 02:38:03,-0.92
2025-02-23 02:40:06,-0.95
2025-02-23 02:42:09,-1.08
2025-02-23 02:44:13,-1.1
2025-02-23 02:46:16,-1.22
2025-02-23 02:48:19,-0.71
2025-02-23 02:50:23,-0.8
2025-02-23 02:52:26,-0.97
2025-02-23 02:54:31,-0.68
2025-02-23 02:56:34,-0.86
2025-02-23 02:58:37,-0.76
2025-02-23 03:00:40,-0.7
2025-02-23 03:02:44,-0.65
2025-02-23 03:04:47,-0.54
2025-02-23 03:06:50,-0.43
2025-02-23 03:08:53,-1.05
2025-02-23 03:10:56,-0.95
2025-02-23 03:12:59,-1.05
2025-02-23 03:15:03,-1.1
2025-02-23 03:17:06,-0.81
2025-02-23 03:19:09,-0.69
2025-02-23 03:21:13,-0.64
2025-02-23 03:23:17,-0.99
2025-02-23 03:25:20,-0.91
2025-02-23 03:27:23,-0.76
2025-02-23 03:29:26,-0.87
2025-02-23 03:31:30,-0.73
2025-02-23 03:33:33,-1.22
2025-02-23 03:35:37,-1.28
2025-02-23 03:37:40,-1.29
2025-02-23 03:39:43,-1.74
2025-02-23 03:41:46,-1.25
2025-02-23 03:43:49,-1.57
2025-02-23 03:45:52,-1.1
2025-02-23 03:47:56,-0.85
2025-02-23 03:49:59,-1.28
2025-02-23 03:52:02,-1.5
2025-02-23 03:54:05,-1.07
2025-02-23 03:56:08,-0.99
2025-02-23 03:58:12,-1.14
2025-02-23 04:00:15,-0.84
2025-02-23 04:02:18,-0.87
2025-02-23 04:04:21,-1.08
2025-02-23 04:06:24,-1.05
2025-02-23 04:08:27,-1.19
2025-02-23 04:10:30,-1.39
2025-02-23 04:12:34,-1.4
2025-02-23 04:14:37,-1.47
2025-02-23 04:16:40,-1.46
2025-02-23 04:18:44,-1.55
2025-02-23 04:20:47,-1.5
2025-02-23 04:22:50,-1.47
2025-02-23 04:24:54,-1.42
2025-02-23 04:26:57,-1.57
2025-02-23 04:29:00,-1.49
2025-02-23 04:31:03,-1.44
2025-02-23 04:33:06,-1.23
2025-02-23 04:35:10,-1.48
2025-02-23 04:37:13,-1.43
2025-02-23 04:39:16,-1.56
2025-02-23 04:41:19,-1.71
2025-02-23 04:43:22,-1.67
2025-02-23 04:45:26,-1.52
2025-02-23 04:47:29,-1.92
2025-02-23 04:49:34,-1.8
2025-02-23 04:51:37,-1.52
2025-02-23 04:53:41,-1.67
2025-02-23 04:55:44,-1.52
2025-02-23 04:57:47,-1.42
2025-02-23 04:59:50,-1.48
2025-02-23 05:01:53,-1.6
2025-02-23 05:03:56,-1.59
2025-02-23 05:05:59,-1.59
2025-02-23 05:08:03,-1.48
2025-02-23 05:10:06,-1.64
2025-02-23 05:12:09,-1.49
2025-02-23 05:14:12,-1.98
2025-02-23 05:16:16,-1.56
2025-02-23 05:18:19,-1.4
2025-02-23 05:20:22,-1.37
2025-02-23 05:22:25,-1.39
2025-02-23 05:24:28,-1.64
2025-02-23 05:26:31,-1.75
2025-02-23 05:28:35,-1.8
2025-02-23 05:30:38,-1.98
2025-02-23 05:32:41,-1.98
2025-02-23 05:34:45,-2.02
2025-02-23 05:36:48,-1.93
2025-02-23 05:38:51,-2.01
2025-02-23 05:40:54,-2.03
2025-02-23 05:42:57,-2.26
2025-02-23 05:45:01,-2.05
2025-02-23 05:47:04,-2.05
2025-02-23 05:49:07,-2.06
2025-02-23 05:51:10,-1.97
2025-02-23 05:53:13,-1.47
2025-02-23 05:55:18,-1.71
2025-02-23 05:57:21,-1.92
2025-02-23 05:59:24,-1.9
2025-02-23 06:01:28,-1.73
2025-02-23 06:03:31,-1.58
2025-02-23 06:05:34,-1.8
2025-02-23 06:07:38,-1.93
2025-02-23 06:09:41,-1.81
2025-02-23 06:11:44,-2.12
2025-02-23 06:13:47,-2.69
2025-02-23 06:15:51,-2.97
2025-02-23 06:17:54,-2.49
2025-02-23 06:19:57,-2.59
2025-02-23 06:22:00,-2.57
2025-02-23 06:24:03,-2.48
2025-02-23 06:26:07,-2.25
2025-02-23 06:28:10,-2.26
2025-02-23 06:30:13,-2.17
2025-02-23 06:32:16,-2.02
2025-02-23 06:34:20,-1.68
2025-02-23 06:36:23,-2.03
2025-02-23 06:38:26,-1.94
2025-02-23 06:40:29,-1.8
2025-02-23 06:42:33,-1.66
2025-02-23 06:44:36,-2.05
2025-02-23 06:46:39,-1.8
2025-02-23 06:48:42,-1.69
2025-02-23 06:50:45,-2.05
2025-02-23 06:52:48,-1.98
2025-02-23 06:54:51,-1.52
2025-02-23 06:56:55,-1.45
2025-02-23 06:58:58,-1.69
2025-02-23 07:01:02,-1.39
2025-02-23 07:03:05,-1.2
2025-02-23 07:05:08,-1.13
2025-02-23 07:07:12,-1.31
2025-02-23 07:09:15,-1.17
2025-02-23 07:11:18,-1.35
2025-02-23 07:13:21,-1.13
2025-02-23 07:15:25,-0.86
2025-02-23 07:17:28,-0.92
2025-02-23 07:19:31,-1.47
2025-02-23 07:21:35,-1.31
2025-02-23 07:23:38,-1.17
2025-02-23 07:25:41,-1.13
2025-02-23 07:27:44,-1.47
2025-02-23 07:29:48,-1.57
2025-02-23 07:31:51,-1.51
2025-02-23 07:33:54,-1.51
2025-02-23 07:35:58,-1.48
2025-02-23 07:38:01,-1.47
2025-02-23 07:40:04,-1.47
2025-02-23 07:42:08,-1.27
2025-02-23 07:44:13,-0.87
2025-02-23 07:46:16,-0.91
2025-02-23 07:48:19,-0.44
2025-02-23 07:50:22,-0.41
2025-02-23 07:52:26,-0.58
2025-02-23 07:54:29,-0.57
2025-02-23 07:56:32,-0.49
2025-02-23 07:58:35,-0.46
2025-02-23 08:00:39,-0.43
2025-02-23 08:02:42,-0.44
2025-02-23 08:04:45,-0.31
2025-02-23 08:06:48,-0.15
2025-02-23 08:08:52,-0.21
2025-02-23 08:10:55,-0.19
2025-02-23 08:12:58,-0.08
2025-02-23 08:15:02,-0.09
2025-02-23 08:17:05,0.04
2025-02-23 08:19:09,0.29
2025-02-23 08:21:12,0.03
2025-02-23 08:23:16,0.11
2025-02-23 08:25:19,0.3
2025-02-23 08:27:22,0.32
2025-02-23 08:29:26,0.55
2025-02-23 08:31:29,0.44
2025-02-23 08:33:32,0.35
2025-02-23 08:35:35,0.81
2025-02-23 08:37:39,0.96
2025-02-23 08:39:42,0.75
2025-02-23 08:41:46,1.12
2025-02-23 08:43:49,1.43
2025-02-23 08:45:52,1.64
2025-02-23 08:47:56,1.74
2025-02-23 08:49:59,2.13
2025-02-23 08:52:02,2.11
2025-02-23 08:54:06,2.34
2025-02-23 08:56:09,2.42
2025-02-23 08:58:12,2.52
2025-02-23 09:00:15,2.98
2025-02-23 09:02:19,2.67
2025-02-23 09:04:22,2.6
2025-02-23 09:06:26,2.49
2025-02-23 09:08:29,2.46
2025-02-23 09:10:32,2.62
2025-02-23 09:12:35,3.07
2025-02-23 09:14:39,3.44
2025-02-23 09:16:42,2.98
2025-02-23 09:18:45,2.84
2025-02-23 09:20:48,3.08
2025-02-23 09:22:51,3.76
2025-02-23 09:24:55,3.72
2025-02-23 09:26:58,3.7
2025-02-23 09:29:01,4.08
2025-02-23 09:31:05,4.22
2025-02-23 09:33:08,4.39
2025-02-23 09:35:11,4.37
2025-02-23 09:37:14,3.85
2025-02-23 09:39:17,4.08
2025-02-23 09:41:21,3.74
2025-02-23 09:43:24,4.08
2025-02-23 09:45:27,4.55
2025-02-23 09:47:30,5.14
2025-02-23 09:49:33,4.46
2025-02-23 09:51:36,5.07
2025-02-23 09:53:40,5.28
2025-02-23 09:55:43,5.26
2025-02-23 09:57:46,5.05
2025-02-23 09:59:49,5.05
2025-02-23 10:02:00,5.38
2025-02-23 10:04:03,5.02
2025-02-23 10:06:07,5.41
2025-02-23 10:08:10,5.22
2025-02-23 10:10:13,5.49
2025-02-23 10:12:16,5.62
2025-02-23 10:14:20,5.21
2025-02-23 10:16:23,5.92
2025-02-23 10:18:26,5.71
2025-02-23 10:20:30,5.85
2025-02-23 10:22:33,5.56
2025-02-23 10:24:36,5.4
2025-02-23 10:26:39,5.91
2025-02-23 10:28:43,5.7
2025-02-23 10:30:46,6.22
2025-02-23 10:32:49,5.83
2025-02-23 10:34:52,5.98
2025-02-23 10:36:56,6.46
2025-02-23 10:38:59,6.31
2025-02-23 10:41:02,6.09
2025-02-23 10:43:05,6.17
2025-02-23 10:45:08,6.11
2025-02-23 10:47:12,6.17
2025-02-23 10:49:15,5.88
2025-02-23 10:51:18,5.77
2025-02-23 10:53:21,6.19
2025-02-23 10:55:25,6.16
2025-02-23 10:57:28,5.93
2025-02-23 10:59:31,7.08
2025-02-23 11:01:34,6.58
2025-02-23 11:03:38,6.36
2025-02-23 11:05:41,6.29
2025-02-23 11:07:45,6.48
2025-02-23 11:09:48,7.1
2025-02-23 11:11:52,7.53
2025-02-23 11:13:55,7.99
2025-02-23 11:15:58,8.17
2025-02-23 11:18:01,7.42
2025-02-23 11:20:05,7.88
2025-02-23 11:22:08,7.97
2025-02-23 11:24:11,7.97
2025-02-23 11:26:14,8.17
2025-02-23 11:28:18,7.89
2025-02-23 11:30:21,7.75
2025-02-23 11:32:24,8.27
2025-02-23 11:34:27,8.42
2025-02-23 11:36:31,8.29
2025-02-23 11:38:34,9.03
2025-02-23 11:40:38,8.57
2025-02-23 11:42:41,8.3
2025-02-23 11:44:44,8.51
2025-02-23 11:46:47,8.79
2025-02-23 11:48:50,9.17
2025-02-23 11:50:54,8.79
2025-02-23 11:52:57,8.43
2025-02-23 11:55:00,8.63
2025-02-23 11:57:04,8.57
2025-02-23 11:59:07,8.81
2025-02-23 12:01:11,9.85
2025-02-23 12:03:14,9.39
2025-02-23 12:05:18,9.41
2025-02-23 12:07:21,9.14
2025-02-23 12:09:24,8.95
2025-02-23 12:11:27,8.64
2025-02-23 12:13:31,8.94
2025-02-23 12:15:34,8.45
2025-02-23 12:17:38,8.1
2025-02-23 12:19:42,8.03
2025-02-23 12:21:45,7.53
2025-02-23 12:23:48,7.48
2025-02-23 12:25:52,6.61
2025-02-23 12:27:55,6.75
2025-02-23 12:29:58,6.69
2025-02-23 12:32:02,7.02
2025-02-23 12:34:05,6.71
2025-02-23 12:36:08,7.2
2025-02-23 12:38:12,7.25
2025-02-23 12:40:15,6.93
2025-02-23 12:42:19,7.77
2025-02-23 12:44:22,7.04
2025-02-23 12:46:26,6.94
2025-02-23 12:48:29,6.57
2025-02-23 12:50:33,7.06
2025-02-23 12:52:36,7.06
2025-02-23 12:54:39,6.09
2025-02-23 12:56:42,5.79
2025-02-23 12:58:46,5.67
2025-02-23 13:00:49,5.75
2025-02-23 13:02:52,5.59
2025-02-23 13:04:56,5.61
2025-02-23 13:06:59,5.69
2025-02-23 13:09:03,5.77
2025-02-23 13:11:06,5.44
2025-02-23 13:13:10,5.99
2025-02-23 13:15:13,5.76
2025-02-23 13:17:16,5.84
2025-02-23 13:19:20,6.03
2025-02-23 13:21:23,5.77
2025-02-23 13:23:26,6.1
2025-02-23 13:25:29,6.23
2025-02-23 13:27:33,5.87
2025-02-23 13:29:36,6.81
2025-02-23 13:31:40,6.52
2025-02-23 13:33:43,7.02
2025-02-23 13:35:46,6.92
2025-02-23 13:37:50,6.82
2025-02-23 13:39:53,6.59
2025-02-23 13:41:58,6.68
2025-02-23 13:44:01,6.19
2025-02-23 13:46:05,6.23
2025-02-23 13:48:08,6.28
2025-02-23 13:50:11,6.7
2025-02-23 13:52:15,6.01
2025-02-23 13:54:18,6.97
2025-02-23 13:56:22,6.82
2025-02-23 13:58:26,6.38
2025-02-23 14:00:29,6.2
2025-02-23 14:02:32,6.45
2025-02-23 14:04:35,6.01
2025-02-23 14:06:39,6.15
2025-02-23 14:08:42,5.6
2025-02-23 14:10:45,6.68
2025-02-23 14:12:49,6.57
2025-02-23 14:14:52,6.06
2025-02-23 14:16:56,6.09
2025-02-23 14:18:59,5.92
2025-02-23 14:21:03,5.79
2025-02-23 14:23:06,5.99
2025-02-23 14:25:09,5.74
2025-02-23 14:27:13,6.07
2025-02-23 14:29:16,5.9
2025-02-23 14:31:20,5.98
2025-02-23 14:33:23,6.19
2025-02-23 14:35:26,6.13
2025-02-23 14:37:30,6.01
2025-02-23 14:39:33,5.89
2025-02-23 14:41:36,6.28
2025-02-23 14:43:40,6.78
2025-02-23 14:45:43,6.65
2025-02-23 14:47:47,6.4
2025-02-23 14:49:50,6.55
2025-02-23 14:51:54,6.4
2025-02-23 14:53:58,6.59
2025-02-23 14:56:01,6.81
2025-02-23 14:58:05,6.88
2025-02-23 15:00:08,6.88
2025-02-23 15:02:11,6.7
2025-02-23 15:04:15,6.12
2025-02-23 15:06:18,6.63
2025-02-23 15:08:22,6.61
2025-02-23 15:10:26,6.82
2025-02-23 15:12:29,5.72
2025-02-23 15:14:32,6.36
2025-02-23 15:16:36,6.64
2025-02-23 15:18:39,6.19
2025-02-23 15:20:43,6.67
2025-02-23 15:22:46,6.28
2025-02-23 15:24:49,6.82
2025-02-23 15:26:52,6.54
2025-02-23 15:28:56,6.39
2025-02-23 15:30:59,5.91
2025-02-23 15:33:03,6.13
2025-02-23 15:35:06,6.25
2025-02-23 15:37:09,6.24
2025-02-23 15:39:12,6.05
2025-02-23 15:41:16,5.92
2025-02-23 15:43:19,5.72
2025-02-23 15:45:23,5.87
2025-02-23 15:47:26,5.81
2025-02-23 15:49:30,5.88
2025-02-23 15:51:33,5.97
2025-02-23 15:53:36,5.89
2025-02-23 15:55:39,5.58
2025-02-23 15:57:42,5.46
2025-02-23 15:59:45,5.57
2025-02-23 16:01:48,5.2
2025-02-23 16:03:52,5.87
2025-02-23 16:05:56,5.34
2025-02-23 16:07:59,5.43
2025-02-23 16:10:02,5.01
2025-02-23 16:12:06,4.97
2025-02-23 16:14:09,5.07
2025-02-23 16:16:12,4.8
2025-02-23 16:18:16,4.69
2025-02-23 16:20:19,4.88
2025-02-23 16:22:24,4.68
2025-02-23 16:24:28,5.07
2025-02-23 16:26:32,4.66
2025-02-23 16:28:35,4.88
2025-02-23 16:30:39,4.45
2025-02-23 16:32:42,4.54
2025-02-23 16:34:45,4.61
2025-02-23 16:36:49,4.57
2025-02-23 16:38:52,4.73
2025-02-23 16:40:55,4.34
2025-02-23 16:42:58,4.26
2025-02-23 16:45:02,4.44
2025-02-23 16:47:05,4.17
2025-02-23 16:49:08,4.07
2025-02-23 16:51:12,3.86
2025-02-23 16:53:15,3.66
2025-02-23 16:55:18,4.06
2025-02-23 16:57:21,3.6
2025-02-23 16:59:24,3.45
2025-02-23 17:01:28,3.55
2025-02-23 17:03:32,4.4
2025-02-23 17:05:35,3.92
2025-02-23 17:07:38,3.73
2025-02-23 17:09:42,3.81
2025-02-23 17:11:45,3.2
2025-02-23 17:13:49,2.86
2025-02-23 17:15:52,2.79
2025-02-23 17:17:55,3.15
2025-02-23 17:19:58,3.42
2025-02-23 17:22:01,3.34
2025-02-23 17:24:04,3.36
2025-02-23 17:26:08,2.82
2025-02-23 17:28:11,3.03
2025-02-23 17:30:14,3.03
2025-02-23 17:32:17,3.0
2025-02-23 17:34:21,3.12
2025-02-23 17:36:24,3.01
2025-02-23 17:38:27,2.97
2025-02-23 17:40:31,3.1
2025-02-23 17:42:34,3.25
2025-02-23 17:44:37,3.11
2025-02-23 17:46:40,3.04
2025-02-23 17:48:44,3.04
2025-02-23 17:50:47,2.81
2025-02-23 17:52:50,2.93
2025-02-23 17:54:54,3.19
2025-02-23 17:56:57,3.4
2025-02-23 17:59:00,2.51
2025-02-23 18:01:03,3.01
2025-02-23 18:03:07,2.85
2025-02-23 18:05:10,2.8
2025-02-23 18:07:13,2.67
2025-02-23 18:09:16,2.71
2025-02-23 18:11:20,2.78
2025-02-23 18:13:23,2.71
2025-02-23 18:15:26,2.73
2025-02-23 18:17:29,2.78
2025-02-23 18:19:33,2.77
2025-02-23 18:21:36,2.6
2025-02-23 18:23:39,2.45
2025-02-23 18:25:43,2.51
2025-02-23 18:27:46,2.32
2025-02-23 18:29:49,2.4
2025-02-23 18:31:52,2.32
2025-02-23 18:33:56,2.09
2025-02-23 18:35:59,1.92
2025-02-23 18:38:02,2.1
2025-02-23 18:40:06,2.4
2025-02-23 18:42:09,2.05
2025-02-23 18:44:13,1.93
2025-02-23 18:46:16,2.11
2025-02-23 18:48:19,1.86
2025-02-23 18:50:22,2.2
2025-02-23 18:52:26,1.63
2025-02-23 18:54:29,2.04
2025-02-23 18:56:32,1.88
2025-02-23 18:58:36,1.74
2025-02-23 19:00:39,2.05
2025-02-23 19:02:42,2.11
2025-02-23 19:04:45,1.98
2025-02-23 19:06:49,2.19
2025-02-23 19:08:52,2.17
2025-02-23 19:10:55,2.28
2025-02-23 19:13:00,1.97
2025-02-23 19:15:04,1.91
2025-02-23 19:17:07,2.52
2025-02-23 19:19:10,2.4
2025-02-23 19:21:13,2.3
2025-02-23 19:23:17,2.58
2025-02-23 19:25:20,2.91
2025-02-23 19:27:23,2.39
2025-02-23 19:29:26,2.11
2025-02-23 19:31:29,2.13
2025-02-23 19:33:33,2.31
2025-02-23 19:35:36,1.81
2025-02-23 19:37:39,2.0
2025-02-23 19:39:43,2.05
2025-02-23 19:41:46,2.14
2025-02-23 19:43:49,2.22
2025-02-23 19:45:53,2.35
2025-02-23 19:47:56,2.28
2025-02-23 19:49:59,2.16
2025-02-23 19:52:04,2.13
2025-02-23 19:54:07,2.37
2025-02-23 19:56:10,1.85
2025-02-23 19:58:13,1.71
2025-02-23 20:00:17,1.69
2025-02-23 20:02:20,1.86
2025-02-23 20:04:23,1.74
2025-02-23 20:06:26,1.71
2025-02-23 20:08:30,1.84
2025-02-23 20:10:33,1.68
2025-02-23 20:12:37,2.0
2025-02-23 20:14:40,1.85
2025-02-23 20:16:43,2.62
2025-02-23 20:18:47,2.72
2025-02-23 20:20:50,2.2
2025-02-23 20:22:54,2.39
2025-02-23 20:24:57,2.24
2025-02-23 20:27:01,2.85
2025-02-23 20:29:04,2.59
2025-02-23 20:31:07,2.11
2025-02-23 20:33:11,2.41
2025-02-23 20:35:14,2.68
2025-02-23 20:37:17,2.66
2025-02-23 20:39:21,2.49
2025-02-23 20:41:24,2.34
2025-02-23 20:43:27,2.17
2025-02-23 20:45:31,1.83
2025-02-23 20:47:34,2.32
2025-02-23 20:49:37,2.43
2025-02-23 20:51:41,2.18
2025-02-23 20:53:44,1.87
2025-02-23 20:55:47,1.73
2025-02-23 20:57:51,2.02
2025-02-23 20:59:54,1.81
2025-02-23 21:01:57,1.79
2025-02-23 21:04:00,2.18
2025-02-23 21:06:04,1.93
2025-02-23 21:08:07,2.15
2025-02-23 21:10:10,2.33
2025-02-23 21:12:14,2.45
2025-02-23 21:14:18,2.48
2025-02-23 21:16:21,2.0
2025-02-23 21:18:25,2.58
2025-02-23 21:20:28,2.17
2025-02-23 21:22:31,2.22
2025-02-23 21:24:34,2.46
2025-02-23 21:26:38,2.38
2025-02-23 21:28:41,1.74
2025-02-23 21:30:44,1.57
2025-02-23 21:32:48,1.8
2025-02-23 21:34:52,2.34
2025-02-23 21:36:55,2.43
2025-02-23 21:38:58,2.14
2025-02-23 21:41:02,2.77
2025-02-23 21:43:05,2.13
2025-02-23 21:45:08,2.3
2025-02-23 21:47:12,2.11
2025-02-23 21:49:15,2.32
2025-02-23 21:51:18,2.16
2025-02-23 21:53:21,2.08
2025-02-23 21:55:24,2.09
2025-02-23 21:57:27,2.14
2025-02-23 21:59:31,2.42
2025-02-23 22:01:34,2.75
2025-02-23 22:03:37,2.14
2025-02-23 22:05:40,2.39
2025-02-23 22:07:44,2.72
2025-02-23 22:09:47,2.32
2025-02-23 22:11:51,2.44
2025-02-23 22:13:54,2.65
2025-02-23 22:15:57,2.5
2025-02-23 22:18:01,2.45
2025-02-23 22:20:04,2.45
2025-02-23 22:22:07,2.2
2025-02-23 22:24:11,1.99
2025-02-23 22:26:14,2.04
2025-02-23 22:28:17,2.18
2025-02-23 22:30:21,2.12
2025-02-23 22:32:24,2.24
2025-02-23 22:34:27,2.18
2025-02-23 22:36:31,2.45
2025-02-23 22:38:34,2.15
2025-02-23 22:40:37,2.4
2025-02-23 22:42:40,2.16
2025-02-23 22:44:43,2.66
2025-02-23 22:46:47,2.29
2025-02-23 22:48:50,2.01
2025-02-23 22:50:53,3.26
2025-02-23 22:52:56,2.46
2025-02-23 22:54:59,2.65
2025-02-23 22:57:03,2.82
2025-02-23 22:59:06,2.83
2025-02-23 23:01:10,2.64
2025-02-23 23:03:13,2.46
2025-02-23 23:05:16,2.32
2025-02-23 23:07:19,2.56
2025-02-23 23:09:23,2.47
2025-02-23 23:11:26,2.57
2025-02-23 23:13:29,2.38
2025-02-23 23:15:33,2.44
2025-02-23 23:17:36,2.4
2025-02-23 23:19:39,3.04
2025-02-23 23:21:42,3.31
2025-02-23 23:23:46,2.64
2025-02-23 23:25:49,2.07
2025-02-23 23:27:52,2.54
2025-02-23 23:29:55,3.27
2025-02-23 23:31:59,3.06
2025-02-23 23:34:02,2.67
2025-02-23 23:36:07,3.13
2025-02-23 23:38:11,2.78
2025-02-23 23:40:14,2.47
2025-02-23 23:42:17,2.53
2025-02-23 23:44:22,3.05
2025-02-23 23:46:25,2.5
2025-02-23 23:48:28,2.54
2025-02-23 23:50:32,2.87
2025-02-23 23:52:35,2.47
2025-02-23 23:54:39,2.7
2025-02-23 23:56:42,3.05
2025-02-23 23:58:46,2.57
2025-02-24 00:00:49,2.83
2025-02-24 00:02:52,2.84
2025-02-24 00:04:55,2.87
2025-02-24 00:06:59,3.29
2025-02-24 00:09:02,3.13
2025-02-24 00:11:05,2.87
2025-02-24 00:13:08,3.22
2025-02-24 00:15:12,3.14
2025-02-24 00:17:15,3.04
2025-02-24 00:19:18,2.69
2025-02-24 00:21:22,3.34
2025-02-24 00:23:25,2.86
2025-02-24 00:25:28,3.27
2025-02-24 00:27:32,3.3
2025-02-24 00:29:35,3.11
2025-02-24 00:31:38,2.85
2025-02-24 00:33:41,2.95
2025-02-24 00:35:45,3.22
2025-02-24 00:37:48,2.95
2025-02-24 00:39:51,2.69
2025-02-24 00:41:54,2.92
2025-02-24 00:43:57,2.68
2025-02-24 00:46:01,2.9
2025-02-24 00:48:04,2.8
2025-02-24 00:50:07,2.82
2025-02-24 00:52:11,2.99
2025-02-24 00:54:14,2.82
2025-02-24 00:56:17,2.74
2025-02-24 00:58:20,3.06
2025-02-24 01:00:23,2.85
2025-02-24 01:02:27,2.71
2025-02-24 01:04:30,2.88
2025-02-24 01:06:33,2.86
2025-02-24 01:08:36,2.83
2025-02-24 01:10:39,3.19
2025-02-24 01:12:42,3.08
2025-02-24 01:14:45,2.74
2025-02-24 01:16:52,2.45
2025-02-24 01:18:55,2.91
2025-02-24 01:20:58,2.85
2025-02-24 01:23:02,2.88
2025-02-24 01:25:05,2.63
2025-02-24 01:27:08,2.81
2025-02-24 01:29:11,2.72
2025-02-24 01:31:14,3.22
2025-02-24 01:33:17,2.79
2025-02-24 01:35:20,2.98
2025-02-24 01:37:23,2.83
2025-02-24 01:39:27,2.72
2025-02-24 01:41:30,3.15
2025-02-24 01:43:33,2.52
2025-02-24 01:45:36,2.55
2025-02-24 01:47:39,3.07
2025-02-24 01:49:44,3.08
2025-02-24 01:51:47,2.97
2025-02-24 01:53:50,3.0
2025-02-24 01:55:53,2.98
2025-02-24 01:57:56,2.83
2025-02-24 01:59:59,3.54
2025-02-24 02:02:04,3.43
2025-02-24 02:04:07,2.8
2025-02-24 02:06:10,2.72
2025-02-24 02:08:13,3.4
2025-02-24 02:10:16,2.93
2025-02-24 02:12:19,3.11
2025-02-24 02:14:23,3.17
2025-02-24 02:16:26,3.14
2025-02-24 02:18:29,2.87
2025-02-24 02:20:32,2.75
2025-02-24 02:22:35,2.95
2025-02-24 02:24:38,3.7
2025-02-24 02:26:41,3.64
2025-02-24 02:28:45,3.68
2025-02-24 02:30:48,3.26
2025-02-24 02:32:51,3.34
2025-02-24 02:34:54,3.08
2025-02-24 02:36:59,3.32
2025-02-24 02:39:02,2.82
2025-02-24 02:41:07,3.43
2025-02-24 02:43:10,3.67
2025-02-24 02:45:13,3.11
2025-02-24 02:47:16,3.19
2025-02-24 02:49:20,3.2
2025-02-24 02:51:23,3.4
2025-02-24 02:53:26,3.15
2025-02-24 02:55:29,3.13
2025-02-24 02:57:32,3.18
2025-02-24 02:59:35,3.52
2025-02-24 03:01:38,3.22
2025-02-24 03:03:41,4.0
2025-02-24 03:05:44,3.18
2025-02-24 03:07:47,3.34
2025-02-24 03:09:50,3.58
2025-02-24 03:11:53,3.92
2025-02-24 03:13:56,3.51
2025-02-24 03:16:00,3.77
2025-02-24 03:18:04,3.6
2025-02-24 03:20:07,3.38
2025-02-24 03:22:10,3.27
2025-02-24 03:24:14,3.32
2025-02-24 03:26:17,3.59
2025-02-24 03:28:20,3.79
2025-02-24 03:30:23,3.9
2025-02-24 03:32:27,3.85
2025-02-24 03:34:30,3.32
2025-02-24 03:36:33,3.31
2025-02-24 03:38:36,3.2
2025-02-24 03:40:39,3.27
2025-02-24 03:42:43,3.35
2025-02-24 03:44:46,2.91
2025-02-24 03:46:49,3.52
2025-02-24 03:48:52,3.72
2025-02-24 03:50:56,3.43
2025-02-24 03:52:59,3.78
2025-02-24 03:55:02,3.96
2025-02-24 03:57:05,3.63
2025-02-24 03:59:09,4.12
2025-02-24 04:01:12,3.22
2025-02-24 04:03:15,3.66
2025-02-24 04:05:18,3.37
2025-02-24 04:07:21,3.38
2025-02-24 04:09:25,3.96
2025-02-24 04:11:28,3.42
2025-02-24 04:13:31,4.27
2025-02-24 04:15:34,3.39
2025-02-24 04:17:37,3.71
2025-02-24 04:19:40,3.35
2025-02-24 04:21:43,3.16
2025-02-24 04:23:46,3.36
2025-02-24 04:25:49,3.37
2025-02-24 04:27:52,3.43
2025-02-24 04:29:55,3.41
2025-02-24 04:31:58,3.53
2025-02-24 04:34:02,3.72
2025-02-24 04:36:05,4.09
2025-02-24 04:38:09,3.44
2025-02-24 04:40:12,3.24
2025-02-24 04:42:15,3.35
2025-02-24 04:44:20,3.27
2025-02-24 04:46:24,2.9
2025-02-24 04:48:27,3.22
2025-02-24 04:50:30,3.0
2025-02-24 04:52:33,2.9
2025-02-24 04:54:36,2.63
2025-02-24 04:56:40,2.60
2025-02-24 04:58:43,2.35
2025-02-24 05:00:46,2.42
2025-02-24 05:02:50,2.8
2025-02-24 05:04:53,2.87
2025-02-24 05:06:56,2.83
2025-02-24 05:08:59,2.83
2025-02-24 05:11:04,2.86
2025-02-24 05:13:10,3.32
2025-02-24 05:15:13,2.92
2025-02-24 05:17:16,3.06
2025-02-24 05:19:19,3.01
2025-02-24 05:21:22,3.07
2025-02-24 05:23:26,3.59
2025-02-24 05:25:29,2.96
2025-02-24 05:27:32,3.04
2025-02-24 05:29:35,2.96
2025-02-24 05:31:39,3.15
2025-02-24 05:33:42,2.86
2025-02-24 05:35:45,2.99
2025-02-24 05:37:48,2.81
2025-02-24 05:39:51,2.95
2025-02-24 05:41:55,2.91
2025-02-24 05:43:58,2.82
2025-02-24 05:46:02,2.77
2025-02-24 05:48:05,3.19
2025-02-24 05:50:10,2.8
2025-02-24 05:52:14,2.85
2025-02-24 05:54:17,2.81
2025-02-24 05:56:20,2.94
2025-02-24 05:58:23,2.83
2025-02-24 06:00:27,2.8
2025-02-24 06:02:30,2.75
2025-02-24 06:04:33,3.11
2025-02-24 06:06:36,2.93
2025-02-24 06:08:39,2.76
2025-02-24 06:10:43,2.82
2025-02-24 06:12:46,3.26
2025-02-24 06:14:49,3.04
2025-02-24 06:43:32,8.59
2025-02-24 06:45:36,7.97
2025-02-24 06:47:40,7.04
2025-02-24 06:49:43,7.48
2025-02-24 06:51:47,7.23
2025-02-24 06:53:50,7.81
2025-02-24 06:55:54,7.43
2025-02-24 22:41:04,3.4
2025-02-24 22:43:11,3.14
2025-02-24 22:45:15,3.13
2025-02-24 22:47:18,3.1
2025-02-24 22:49:21,3.16
2025-02-24 22:51:25,3.16
2025-02-24 22:53:28,3.23
2025-02-24 22:55:31,3.24
2025-02-24 22:57:35,3.24
2025-02-24 22:59:38,3.0
2025-02-24 23:01:42,2.79
2025-02-24 23:03:45,3.02
2025-02-24 23:05:48,2.76
2025-02-24 23:07:51,2.68
2025-02-24 23:09:55,3.01
2025-02-24 23:11:58,2.92
2025-02-24 23:14:01,2.8
2025-02-24 23:16:04,2.7
2025-02-24 23:18:08,2.7
2025-02-24 23:20:11,2.68
2025-02-24 23:22:15,2.47
2025-02-24 23:24:18,2.4
2025-02-24 23:26:21,2.21
2025-02-24 23:28:25,2.28
2025-02-24 23:30:28,2.14
2025-02-24 23:32:31,2.11
2025-02-24 23:34:35,2.12
2025-02-24 23:36:38,1.84
2025-02-24 23:38:42,1.9
2025-02-24 23:40:45,2.07
2025-02-24 23:42:48,2.02
2025-02-24 23:44:51,1.92
2025-02-24 23:46:55,1.94
2025-02-24 23:48:58,1.97
2025-02-24 23:51:02,1.85
2025-02-24 23:53:05,1.59
2025-02-24 23:55:08,1.8
2025-02-24 23:57:12,1.69
2025-02-24 23:59:15,1.7
2025-02-25 00:01:18,1.87
2025-02-25 00:03:22,1.79
2025-02-25 00:05:25,1.79
2025-02-25 00:07:28,1.81
2025-02-25 00:09:31,1.65
2025-02-25 00:11:35,1.64
2025-02-25 00:13:40,1.43
2025-02-25 00:15:43,1.41
2025-02-25 00:17:46,1.36
2025-02-25 00:19:50,1.5
2025-02-25 00:21:53,1.34
2025-02-25 00:23:56,1.12
2025-02-25 00:25:59,1.12
2025-02-25 00:28:02,1.24
2025-02-25 00:30:06,1.23
2025-02-25 00:32:09,1.32
2025-02-25 00:34:12,1.31
2025-02-25 00:36:16,1.26
2025-02-25 00:38:19,1.4
2025-02-25 00:40:22,1.17
2025-02-25 00:42:25,1.45
2025-02-25 00:44:28,1.24
2025-02-25 00:46:31,0.98
2025-02-25 00:48:34,0.91
2025-02-25 00:50:37,0.9
2025-02-25 00:52:40,1.05
2025-02-25 00:54:44,0.89
2025-02-25 00:56:47,0.82
2025-02-25 00:58:50,1.09
2025-02-25 01:00:54,1.24
2025-02-25 01:02:57,0.92
2025-02-25 01:05:00,0.92
2025-02-25 01:07:04,0.83
2025-02-25 01:09:07,0.77
2025-02-25 01:11:10,0.84
2025-02-25 01:13:13,0.89
2025-02-25 01:15:16,0.81
2025-02-25 01:17:20,0.59
2025-02-25 01:19:23,0.85
2025-02-25 01:21:27,0.86
2025-02-25 01:23:30,0.78
2025-02-25 01:25:33,0.87
2025-02-25 01:27:36,0.86
2025-02-25 01:29:40,0.91
2025-02-25 01:31:43,0.56
2025-02-25 01:33:46,0.44
2025-02-25 01:35:49,0.73
2025-02-25 01:37:52,0.63
2025-02-25 01:39:55,0.63
2025-02-25 01:41:58,0.66
2025-02-25 01:44:01,0.54
2025-02-25 01:46:05,0.36
2025-02-25 01:48:08,0.22
2025-02-25 01:50:11,0.28
2025-02-25 01:52:15,0.26
2025-02-25 01:54:18,0.23
2025-02-25 01:56:21,0.29
2025-02-25 01:58:24,0.3
2025-02-25 02:00:28,0.31
2025-02-25 02:02:31,0.34
2025-02-25 02:04:34,0.25
2025-02-25 02:06:38,0.27
2025-02-25 02:08:41,0.19
2025-02-25 02:10:44,0.29
2025-02-25 02:12:47,0.3
2025-02-25 02:14:51,-0.0
2025-02-25 02:16:54,0.02
2025-02-25 02:18:57,-0.31
2025-02-25 02:21:00,-0.15
2025-02-25 02:23:03,-0.21
2025-02-25 02:25:07,-0.27
2025-02-25 02:27:10,-0.26
2025-02-25 02:29:13,-0.2
2025-02-25 02:31:16,-0.13
2025-02-25 02:33:19,-0.37
2025-02-25 02:35:23,-0.21
2025-02-25 02:37:26,-0.07
2025-02-25 02:39:29,-0.35
2025-02-25 02:41:32,-0.53
2025-02-25 02:43:36,-0.41
2025-02-25 02:45:39,-0.4
2025-02-25 02:47:42,-0.3
2025-02-25 02:49:45,-0.23
2025-02-25 02:51:48,-0.18
2025-02-25 02:53:51,-0.13
2025-02-25 02:55:55,-0.33
2025-02-25 02:57:58,-0.5
2025-02-25 03:00:01,-0.28
2025-02-25 03:02:04,-0.57
2025-02-25 03:04:08,-0.23
2025-02-25 03:06:11,-0.27
2025-02-25 03:08:14,-0.34
2025-02-25 03:10:17,-0.17
2025-02-25 03:12:20,-0.18
2025-02-25 03:14:24,-0.35
2025-02-25 03:16:27,-0.31
2025-02-25 03:18:32,-0.07
2025-02-25 03:20:35,-0.0
2025-02-25 03:22:38,0.15
2025-02-25 03:24:41,-0.01
2025-02-25 03:26:44,0.13
2025-02-25 03:28:48,0.25
2025-02-25 03:30:51,0.3
2025-02-25 03:32:54,0.31
2025-02-25 03:34:57,0.16
2025-02-25 03:37:00,0.16
2025-02-25 03:39:03,0.4
2025-02-25 03:41:06,0.53
2025-02-25 03:43:10,0.66
2025-02-25 03:45:13,0.15
2025-02-25 03:47:16,0.43
2025-02-25 03:49:19,0.39
2025-02-25 03:51:22,0.52
2025-02-25 03:53:26,0.42
2025-02-25 03:55:29,0.03
2025-02-25 03:57:32,-0.13
2025-02-25 03:59:35,-0.12
2025-02-25 04:01:38,-0.12
2025-02-25 04:03:41,-0.07
2025-02-25 04:05:45,-0.11
2025-02-25 04:07:48,0.0
2025-02-25 04:09:51,0.06
2025-02-25 04:11:54,0.06
2025-02-25 04:13:57,0.2
2025-02-25 04:16:00,-0.01
2025-02-25 04:18:04,0.19
2025-02-25 04:20:07,0.18
2025-02-25 04:22:10,0.19
2025-02-25 04:24:13,0.03
2025-02-25 04:26:16,0.2
2025-02-25 04:28:20,0.19
2025-02-25 04:30:23,-0.14
2025-02-25 04:32:26,-0.03
2025-02-25 04:34:29,0.02
2025-02-25 04:36:33,-0.15
2025-02-25 04:38:36,-0.33
2025-02-25 04:40:39,-0.39
2025-02-25 04:42:42,-0.3
2025-02-25 04:44:46,-0.32
2025-02-25 04:46:49,-0.33
2025-02-25 04:48:52,-0.57
2025-02-25 04:50:55,-0.57
2025-02-25 04:52:58,-0.77
2025-02-25 04:55:02,-0.79
2025-02-25 04:57:05,-0.66
2025-02-25 04:59:08,-0.6
2025-02-25 05:01:12,-0.26
2025-02-25 05:03:15,-0.04
2025-02-25 05:05:18,-0.28
2025-02-25 05:07:21,-0.11
2025-02-25 05:09:25,-0.2
2025-02-25 05:11:28,-0.23
2025-02-25 05:13:31,-0.22
2025-02-25 05:15:34,-0.21
2025-02-25 05:17:37,-0.26
2025-02-25 05:19:41,0.0
2025-02-25 05:21:44,-0.17
2025-02-25 05:23:47,-0.31
2025-02-25 05:25:50,-0.42
2025-02-25 05:27:54,-0.21
2025-02-25 05:29:57,0.01
2025-02-25 05:32:00,0.14
2025-02-25 05:34:04,-0.19
2025-02-25 05:36:07,-0.02
2025-02-25 05:38:10,-0.13
2025-02-25 05:40:13,0.07
2025-02-25 05:42:16,-0.01
2025-02-25 05:44:22,0.09
2025-02-25 05:46:25,-0.2
2025-02-25 05:48:28,-0.32
2025-02-25 05:50:32,-0.26
2025-02-25 05:52:35,-0.21
2025-02-25 05:54:38,-0.06
2025-02-25 05:56:41,-0.0
2025-02-25 05:58:44,-0.15
2025-02-25 06:00:47,-0.19
2025-02-25 06:02:51,0.06
2025-02-25 06:04:54,0.15
2025-02-25 06:06:57,0.11
2025-02-25 06:09:00,0.05
2025-02-25 06:11:04,-0.09
2025-02-25 06:13:07,0.11
2025-02-25 06:15:10,0.18
2025-02-25 06:17:14,0.34
2025-02-25 06:19:17,0.26
2025-02-25 06:21:20,0.41
2025-02-25 06:23:23,0.37
2025-02-25 06:25:27,0.25
2025-02-25 06:27:30,0.08
2025-02-25 06:29:33,0.27
2025-02-25 06:31:36,0.11
2025-02-25 06:33:40,0.44
2025-02-25 06:35:43,0.26
2025-02-25 06:37:46,0.27
2025-02-25 06:39:50,0.27
2025-02-25 06:41:53,0.49
2025-02-25 06:43:56,0.85
2025-02-25 06:46:00,0.61
2025-02-25 06:48:03,0.81
2025-02-25 06:50:06,0.6
2025-02-25 06:52:10,0.5
2025-02-25 06:54:13,0.31
2025-02-25 06:56:17,0.44
2025-02-25 06:58:22,0.57
2025-02-25 07:00:25,0.81
2025-02-25 07:02:28,0.64
2025-02-25 07:04:32,0.83
2025-02-25 07:06:35,0.6
2025-02-25 07:08:39,0.64
2025-02-25 07:10:44,0.6
2025-02-25 07:12:48,0.65
2025-02-25 07:14:52,0.69
2025-02-25 07:16:55,0.95
2025-02-25 07:18:59,0.84
2025-02-25 07:21:02,1.06
2025-02-25 07:23:06,1.23
2025-02-25 07:25:10,0.87
2025-02-25 07:27:13,0.87
2025-02-25 07:29:16,0.83
2025-02-25 07:31:20,1.35
2025-02-25 07:33:23,1.29
2025-02-25 07:35:27,1.32
2025-02-25 07:37:30,1.22
2025-02-25 07:39:34,1.22
2025-02-25 07:41:37,1.16
2025-02-25 07:43:41,1.21
2025-02-25 07:45:44,1.54
2025-02-25 07:47:47,1.45
2025-02-25 07:49:51,1.52
2025-02-25 07:51:54,1.58
2025-02-25 07:53:58,1.65
2025-02-25 07:56:01,1.6
2025-02-25 07:58:05,1.89
2025-02-25 08:00:09,2.07
2025-02-25 08:02:12,2.0
2025-02-25 08:04:15,1.94
2025-02-25 08:06:19,2.12
2025-02-25 08:08:24,2.51
2025-02-25 08:10:27,2.7
2025-02-25 08:12:31,2.56
2025-02-25 08:14:34,2.4
2025-02-25 08:16:38,2.45
2025-02-25 08:18:41,2.37
2025-02-25 08:20:45,2.96
2025-02-25 08:22:48,3.2
2025-02-25 08:24:52,3.19
2025-02-25 08:26:55,3.14
2025-02-25 08:28:59,2.93
2025-02-25 08:31:04,3.26
2025-02-25 08:33:07,3.24
2025-02-25 08:35:11,3.63
2025-02-25 08:37:14,3.39
2025-02-25 08:39:18,3.67
2025-02-25 08:41:21,3.87
2025-02-25 08:43:25,3.97
2025-02-25 08:45:28,4.29
2025-02-25 08:47:32,4.28
2025-02-25 08:49:35,4.31
2025-02-25 08:51:39,4.32
2025-02-25 08:53:42,4.29
2025-02-25 08:55:46,5.07
2025-02-25 08:57:49,5.15
2025-02-25 08:59:55,4.82
2025-02-25 09:02:00,5.15
2025-02-25 09:04:03,5.21
2025-02-25 09:06:06,5.24
2025-02-25 09:08:10,5.1
2025-02-25 09:10:13,5.28
2025-02-25 09:12:17,5.34
2025-02-25 09:14:20,5.35
2025-02-25 09:16:23,5.8
2025-02-25 09:18:27,6.18
2025-02-25 09:20:30,6.15
2025-02-25 09:22:33,6.33
2025-02-25 09:24:36,6.58
2025-02-25 09:26:40,6.87
2025-02-25 09:28:43,6.95
2025-02-25 09:30:46,6.94
2025-02-25 09:32:49,6.66
2025-02-25 09:34:53,6.61
2025-02-25 09:36:56,6.94
2025-02-25 09:39:00,6.9
2025-02-25 09:41:03,7.11
2025-02-25 09:43:07,7.47
2025-02-25 09:45:10,7.55
2025-02-25 09:47:14,7.64
2025-02-25 09:49:17,7.7
2025-02-25 09:51:21,8.13
2025-02-25 09:53:24,7.95
2025-02-25 09:56:37,7.57
2025-02-25 09:58:40,7.56
2025-02-25 10:00:44,7.58
2025-02-25 10:02:47,8.01
2025-02-25 10:04:50,8.36
2025-02-25 10:06:54,8.56
2025-02-25 10:08:57,8.52
2025-02-25 10:11:00,8.53
2025-02-25 10:13:03,8.4
2025-02-25 10:15:07,8.3
2025-02-25 10:17:10,8.52
2025-02-25 10:19:13,8.56
2025-02-25 10:21:17,8.56
2025-02-25 10:23:20,8.69
2025-02-25 10:25:24,8.42
2025-02-25 10:27:27,8.67
2025-02-25 10:29:31,9.19
2025-02-25 10:31:34,8.93
2025-02-25 10:33:37,9.25
2025-02-25 10:35:41,9.07
2025-02-25 10:37:44,9.31
2025-02-25 10:39:47,9.12
2025-02-25 10:41:51,9.57
2025-02-25 10:43:54,9.91
2025-02-25 10:45:58,9.13
2025-02-25 10:48:02,9.65
2025-02-25 10:50:05,9.6
2025-02-25 10:52:09,9.6
2025-02-25 10:54:13,9.73
2025-02-25 10:56:17,10.05
2025-02-25 10:58:20,10.11
2025-02-25 11:00:23,10.24
2025-02-25 11:02:27,10.29
2025-02-25 11:04:30,10.65
2025-02-25 11:06:33,10.59
2025-02-25 11:08:36,10.67
2025-02-25 11:10:40,11.07
2025-02-25 11:12:43,11.29
2025-02-25 11:14:47,10.97
2025-02-25 11:16:50,11.05
2025-02-25 11:18:55,11.34
2025-02-25 11:20:59,10.81
2025-02-25 11:23:03,11.03
2025-02-25 11:25:06,11.33
2025-02-25 11:27:09,11.0
2025-02-25 11:29:12,10.88
2025-02-25 11:31:16,11.07
2025-02-25 11:33:19,11.67
2025-02-25 11:35:22,12.01
2025-02-25 11:37:26,11.58
2025-02-25 11:39:29,11.43
2025-02-25 11:41:32,10.83
2025-02-25 11:43:38,11.52
2025-02-25 11:45:41,11.72
2025-02-25 11:47:45,11.39
2025-02-25 11:49:49,11.46
2025-02-25 11:51:52,11.76
2025-02-25 11:53:55,11.33
2025-02-25 11:55:58,11.49
2025-02-25 11:58:02,11.36
2025-02-25 12:00:06,11.62
2025-02-25 12:02:09,11.78
2025-02-25 12:04:13,11.59
2025-02-25 12:06:16,11.85
2025-02-25 12:08:20,12.53
2025-02-25 12:10:23,12.32
2025-02-25 12:12:27,12.5
2025-02-25 12:14:30,12.54
2025-02-25 12:16:34,12.61
2025-02-25 12:18:38,12.41
2025-02-25 12:20:41,12.29
2025-02-25 12:22:44,12.53
2025-02-25 12:24:48,12.07
2025-02-25 12:26:51,12.57
2025-02-25 12:28:54,12.6
2025-02-25 12:30:58,12.39
2025-02-25 12:33:01,12.5
2025-02-25 12:35:05,12.43
2025-02-25 12:37:08,12.44
2025-02-25 12:39:12,12.24
2025-02-25 12:41:15,12.29
2025-02-25 12:43:19,12.83
2025-02-25 12:45:22,11.92
2025-02-25 12:47:25,11.92
2025-02-25 12:49:28,12.61
2025-02-25 12:51:32,12.81
2025-02-25 12:53:35,11.9
2025-02-25 12:55:38,12.54
2025-02-25 12:57:41,12.62
2025-02-25 12:59:44,12.75
2025-02-25 13:01:48,12.33
2025-02-25 13:03:51,12.57
2025-02-25 13:05:55,12.83
2025-02-25 13:07:58,13.34
2025-02-25 13:10:01,13.27
2025-02-25 13:12:05,13.41
2025-02-25 13:14:09,12.96
2025-02-25 13:16:12,12.73
2025-02-25 13:18:16,13.02
2025-02-25 13:20:19,13.39
2025-02-25 13:22:22,13.36
2025-02-25 13:24:27,13.35
2025-02-25 13:26:30,13.1
2025-02-25 13:28:34,13.45
2025-02-25 13:30:38,13.13
2025-02-25 13:32:42,13.24
2025-02-25 13:34:46,12.83
2025-02-25 13:36:49,13.04
2025-02-25 13:38:53,12.9
2025-02-25 13:40:56,12.77
2025-02-25 13:43:00,12.6
2025-02-25 13:45:03,12.07
2025-02-25 13:47:06,12.05
2025-02-25 13:49:10,11.89
2025-02-25 13:51:13,12.05
2025-02-25 13:53:17,11.73
2025-02-25 13:55:20,12.32
2025-02-25 13:57:24,12.13
2025-02-25 13:59:27,12.23
2025-02-25 14:01:30,12.01
2025-02-25 14:03:33,11.96
2025-02-25 14:05:37,11.98
2025-02-25 14:07:40,11.95
2025-02-25 14:09:44,12.41
2025-02-25 14:11:47,12.18
2025-02-25 14:13:50,11.84
2025-02-25 14:15:54,12.31
2025-02-25 14:17:57,12.46
2025-02-25 14:20:00,11.5
2025-02-25 14:22:04,11.55
2025-02-25 14:24:07,11.63
2025-02-25 14:26:11,11.75
2025-02-25 14:28:14,10.92
2025-02-25 14:30:18,11.22
2025-02-25 14:32:21,11.41
2025-02-25 14:34:25,10.95
2025-02-25 14:36:29,10.8
2025-02-25 14:38:32,10.75
2025-02-25 14:40:35,10.8
2025-02-25 14:42:39,11.44
2025-02-25 14:44:42,11.52
2025-02-25 14:46:45,11.21
2025-02-25 14:48:49,11.63
2025-02-25 14:50:53,11.35
2025-02-25 14:52:56,11.35
2025-02-25 14:55:00,11.07
2025-02-25 14:57:03,11.45
2025-02-25 14:59:07,11.82
2025-02-25 15:01:10,11.86
2025-02-25 15:03:14,11.63
2025-02-25 15:05:17,11.23
2025-02-25 15:07:20,11.18
2025-02-25 15:09:24,10.54
2025-02-25 15:11:28,11.03
2025-02-25 15:13:31,11.34
2025-02-25 15:15:35,10.94
2025-02-25 15:17:38,10.97
2025-02-25 15:19:43,11.25
2025-02-25 15:21:47,11.02
2025-02-25 15:23:50,10.98
2025-02-25 15:25:56,10.38
2025-02-25 15:27:59,10.42
2025-02-25 15:30:02,10.09
2025-02-25 15:32:06,10.01
2025-02-25 15:34:09,10.28
2025-02-25 15:36:13,10.16
2025-02-25 15:38:16,9.88
2025-02-25 15:40:20,9.78
2025-02-25 15:42:23,9.77
2025-02-25 15:44:27,9.75
2025-02-25 15:46:30,9.29
2025-02-25 15:48:36,9.71
2025-02-25 15:50:39,9.92
2025-02-25 15:52:43,9.81
2025-02-25 15:54:46,9.46
2025-02-25 15:56:49,9.3
2025-02-25 15:58:53,9.07
2025-02-25 16:00:56,8.98
2025-02-25 16:03:00,9.14
2025-02-25 16:05:03,9.09
2025-02-25 16:07:07,9.03
2025-02-25 16:09:10,8.97
2025-02-25 16:11:13,8.97
2025-02-25 16:13:17,8.74
2025-02-25 16:15:21,8.86
2025-02-25 16:17:24,8.87
2025-02-25 16:19:29,8.86
2025-02-25 16:21:32,8.8
2025-02-25 16:23:36,8.75
2025-02-25 16:25:39,8.83
2025-02-25 16:27:42,8.42
2025-02-25 16:29:46,8.72
2025-02-25 16:31:49,8.91
2025-02-25 16:33:52,8.8
2025-02-25 16:35:55,9.21
2025-02-25 16:37:59,8.76
2025-02-25 16:40:02,8.64
2025-02-25 16:42:06,8.64
2025-02-25 16:44:09,8.26
2025-02-25 16:46:13,8.51
2025-02-25 16:48:17,8.83
2025-02-25 16:50:20,8.34
2025-02-25 16:52:24,8.22
2025-02-25 16:54:27,8.11
2025-02-25 16:56:30,8.14
2025-02-25 16:58:34,8.02
2025-02-25 17:00:37,8.28
2025-02-25 17:02:40,7.77
2025-02-25 17:04:44,7.84
2025-02-25 17:06:47,8.13
2025-02-25 17:08:50,7.74
2025-02-25 17:10:54,7.49
2025-02-25 17:12:58,7.48
2025-02-25 17:15:01,7.47
2025-02-25 17:17:05,7.2
2025-02-25 17:19:08,7.27
2025-02-25 17:21:11,7.25
2025-02-25 17:23:15,7.29
2025-02-25 17:25:18,7.12
2025-02-25 17:27:22,7.15
2025-02-25 17:29:25,7.31
2025-02-25 17:31:28,7.13
2025-02-25 17:33:32,6.98
2025-02-25 17:35:35,6.93
2025-02-25 17:37:39,7.02
2025-02-25 17:39:42,7.27
2025-02-25 17:41:45,7.16
2025-02-25 17:43:49,7.17
2025-02-25 17:45:52,7.13
2025-02-25 17:47:56,7.0
2025-02-25 17:49:59,7.05
2025-02-25 17:52:03,7.04
2025-02-25 17:54:06,6.97
2025-02-25 17:56:10,7.03
2025-02-25 17:58:13,7.15
2025-02-25 18:00:16,7.07
2025-02-25 18:02:20,7.12
2025-02-25 18:04:23,6.98
2025-02-25 18:06:26,7.13
2025-02-25 18:08:30,6.78
2025-02-25 18:10:33,7.08
2025-02-25 18:12:36,6.8
2025-02-25 18:14:40,6.89
2025-02-25 18:16:44,6.99
2025-02-25 18:18:48,6.81
2025-02-25 18:20:51,6.75
2025-02-25 18:22:55,6.81
2025-02-25 18:24:59,6.92
2025-02-25 18:27:02,6.9
2025-02-25 18:29:05,6.86
2025-02-25 18:31:10,6.85
2025-02-25 18:33:13,6.83
2025-02-25 18:35:17,6.66
2025-02-25 18:37:20,6.63
2025-02-25 18:39:24,6.7
2025-02-25 18:41:28,6.8
2025-02-25 18:43:31,6.84
2025-02-25 18:45:34,6.87
2025-02-25 18:47:38,6.82
2025-02-25 18:49:41,6.77
2025-02-25 18:51:45,6.66
2025-02-25 18:53:48,6.76
2025-02-25 18:55:51,6.8
2025-02-25 18:57:55,7.2
2025-02-25 18:59:58,6.5
2025-02-25 19:02:02,6.53
2025-02-25 19:04:05,6.74
2025-02-25 19:06:09,6.87
2025-02-25 19:08:12,6.81
2025-02-25 19:10:16,6.65
2025-02-25 19:12:19,6.71
2025-02-25 19:14:22,6.68
2025-02-25 19:16:26,6.77
2025-02-25 19:18:29,6.9
2025-02-25 19:20:32,6.92
2025-02-25 19:22:36,7.03
2025-02-25 19:24:39,6.48
2025-02-25 19:26:43,6.58
2025-02-25 19:28:46,6.36
2025-02-25 19:30:50,6.42
2025-02-25 19:32:53,6.48
2025-02-25 19:34:56,6.46
2025-02-25 19:37:00,6.53
2025-02-25 19:39:03,6.54
2025-02-25 19:41:07,6.63
2025-02-25 19:43:10,6.71
2025-02-25 19:45:13,6.68
2025-02-25 19:47:17,6.71
2025-02-25 19:49:20,6.68
2025-02-25 19:51:23,6.79
2025-02-25 19:53:27,6.78
2025-02-25 19:55:30,6.92
2025-02-25 19:57:33,7.03
2025-02-25 19:59:37,6.76
2025-02-25 20:01:40,6.84
2025-02-25 20:03:44,6.76
2025-02-25 20:05:47,6.8
2025-02-25 20:07:50,6.8
2025-02-25 20:09:53,6.65
2025-02-25 20:11:57,6.47
2025-02-25 20:14:00,6.78
2025-02-25 20:16:03,6.77
2025-02-25 20:18:07,6.34
2025-02-25 20:20:10,6.08
2025-02-25 20:22:14,6.33
2025-02-25 20:24:17,6.18
2025-02-25 20:26:21,6.26
2025-02-25 20:28:24,6.32
2025-02-25 20:30:27,6.42
2025-02-25 20:32:31,6.53
2025-02-25 20:34:34,6.9
2025-02-25 20:36:37,7.1
2025-02-25 20:38:42,6.92
2025-02-25 20:40:46,7.06
2025-02-25 20:42:49,7.12
2025-02-25 20:44:53,6.84
2025-02-25 20:46:57,7.24
2025-02-25 20:49:01,7.09
2025-02-25 20:51:04,7.23
2025-02-25 20:53:08,7.33
2025-02-25 20:55:12,7.1
2025-02-25 20:57:15,6.93
2025-02-25 20:59:19,7.13
2025-02-25 21:01:22,7.1
2025-02-25 21:03:26,7.25
2025-02-25 21:05:29,7.25
2025-02-25 21:07:33,7.58
2025-02-25 21:09:36,7.23
2025-02-25 21:11:39,7.2
2025-02-25 21:13:43,7.31
2025-02-25 21:15:46,7.21
2025-02-25 21:17:50,7.58
2025-02-25 21:19:53,7.32
2025-02-25 21:21:57,7.53
2025-02-25 21:24:00,7.84
2025-02-25 21:26:04,7.71
2025-02-25 21:28:07,7.73
2025-02-25 21:30:10,7.58
2025-02-25 21:32:14,7.54
2025-02-25 21:34:17,7.34
2025-02-25 21:36:20,7.03
2025-02-25 21:38:24,7.08
2025-02-25 21:40:27,7.31
2025-02-25 21:42:31,7.43
2025-02-25 21:44:34,7.21
2025-02-25 21:46:38,7.67
2025-02-25 21:48:41,7.43
2025-02-25 21:50:44,7.45
2025-02-25 21:52:48,7.42
2025-02-25 21:54:51,7.28
2025-02-25 21:56:55,7.28
2025-02-25 21:58:58,7.34
2025-02-25 22:01:02,7.5
2025-02-25 22:03:05,7.04
2025-02-25 22:05:08,7.25
2025-02-25 22:07:12,7.3
2025-02-25 22:09:15,7.43
2025-02-25 22:11:20,7.98
2025-02-25 22:13:23,8.14
2025-02-25 22:15:26,7.42
2025-02-25 22:17:30,7.45
2025-02-25 22:19:33,7.47
2025-02-25 22:21:36,7.51
2025-02-25 22:23:40,7.52
2025-02-25 22:25:43,7.62
2025-02-25 22:27:47,7.47
2025-02-25 22:29:50,7.54
2025-02-25 22:31:54,7.81
2025-02-25 22:33:57,8.25
2025-02-25 22:36:00,7.97
2025-02-25 22:38:04,7.62
2025-02-25 22:40:07,7.65
2025-02-25 22:42:10,7.74
2025-02-25 22:44:14,7.75
2025-02-25 22:46:17,8.33
2025-02-25 22:48:20,8.03
2025-02-25 22:50:23,8.11
2025-02-25 22:52:27,7.93
2025-02-25 22:54:30,8.11
2025-02-25 22:56:33,7.91
2025-02-25 22:58:36,7.53
2025-02-25 23:00:40,7.91
2025-02-25 23:02:43,7.98
2025-02-25 23:04:47,7.79
2025-02-25 23:06:50,8.04
2025-02-25 23:08:53,8.16
2025-02-25 23:10:56,8.11
2025-02-25 23:13:00,7.85
2025-02-25 23:15:03,7.95
2025-02-25 23:17:06,7.77
2025-02-25 23:19:09,7.66
2025-02-25 23:21:13,7.68
2025-02-25 23:23:16,7.88
2025-02-25 23:25:19,8.05
2025-02-25 23:27:22,8.01
2025-02-25 23:29:26,8.33
2025-02-25 23:31:29,8.51
2025-02-25 23:33:32,8.16
2025-02-25 23:35:36,6.21
2025-02-25 23:37:39,5.62
2025-02-25 23:39:44,5.55
2025-02-25 23:41:47,5.45
2025-02-25 23:43:50,5.38
2025-02-25 23:45:53,5.47
2025-02-25 23:47:57,5.57
2025-02-25 23:50:00,6.0
2025-02-25 23:52:03,6.14
2025-02-25 23:54:07,5.54
2025-02-25 23:56:10,5.2
2025-02-25 23:58:13,5.49
2025-02-26 00:00:16,5.89
2025-02-26 00:02:20,5.55
2025-02-26 00:04:23,5.11
2025-02-26 00:06:26,5.36
2025-02-26 00:08:30,6.14
2025-02-26 00:10:33,6.14
2025-02-26 00:12:36,6.16
2025-02-26 00:14:40,6.14
2025-02-26 00:16:43,5.77
2025-02-26 00:18:46,5.83
2025-02-26 00:20:49,5.85
2025-02-26 00:22:53,5.97
2025-02-26 00:24:56,6.05
2025-02-26 00:26:59,5.42
2025-02-26 00:29:02,5.65
2025-02-26 00:31:05,5.46
2025-02-26 00:33:09,5.59
2025-02-26 00:35:12,5.61
2025-02-26 00:37:15,6.0
2025-02-26 00:39:18,6.18
2025-02-26 00:41:22,6.04
2025-02-26 00:43:25,5.88
2025-02-26 00:45:29,5.69
2025-02-26 00:47:32,6.1
2025-02-26 00:49:35,6.09
2025-02-26 00:51:39,6.05
2025-02-26 00:53:42,6.42
2025-02-26 00:55:46,6.76
2025-02-26 00:57:49,6.73
2025-02-26 00:59:52,6.75
2025-02-26 01:01:55,6.92
2025-02-26 01:03:59,6.59
2025-02-26 01:06:02,6.75
2025-02-26 01:08:05,6.5
2025-02-26 01:10:09,6.48
2025-02-26 01:12:12,6.47
2025-02-26 01:14:15,6.49
2025-02-26 01:16:19,6.36
2025-02-26 01:18:22,6.26
2025-02-26 01:20:25,6.18
2025-02-26 01:22:28,6.12
2025-02-26 01:24:31,6.46
2025-02-26 01:26:35,6.18
2025-02-26 01:28:38,6.35
2025-02-26 01:30:43,5.93
2025-02-26 01:32:46,5.96
2025-02-26 01:34:49,6.52
2025-02-26 01:36:53,6.88
2025-02-26 01:38:56,6.54
2025-02-26 01:40:59,6.02
2025-02-26 01:43:02,5.9
2025-02-26 01:45:05,5.72
2025-02-26 01:47:09,5.81
2025-02-26 01:49:12,5.93
2025-02-26 01:51:15,6.47
2025-02-26 01:53:18,6.34
2025-02-26 01:55:22,6.27
2025-02-26 01:57:25,5.91
2025-02-26 01:59:28,5.89
2025-02-26 02:01:31,6.29
2025-02-26 02:03:34,6.44
2025-02-26 02:05:37,5.88
2025-02-26 02:07:42,6.17
2025-02-26 02:09:46,6.39
2025-02-26 02:11:49,6.15
2025-02-26 02:13:52,5.9
2025-02-26 02:15:56,6.31
2025-02-26 02:17:59,6.39
2025-02-26 02:20:02,6.61
2025-02-26 02:22:05,6.16
2025-02-26 02:24:08,6.06
2025-02-26 02:26:12,6.49
2025-02-26 02:28:17,6.56
2025-02-26 02:30:20,6.06
2025-02-26 02:32:23,6.11
2025-02-26 02:34:26,6.53
2025-02-26 02:36:30,6.58
2025-02-26 02:38:33,6.38
2025-02-26 02:40:36,5.71
2025-02-26 02:42:39,5.54
2025-02-26 02:44:42,5.83
2025-02-26 02:46:46,5.57
2025-02-26 02:48:49,6.07
2025-02-26 02:50:52,6.11
2025-02-26 02:52:55,6.27
2025-02-26 02:54:58,6.15
2025-02-26 02:57:02,6.18
2025-02-26 02:59:05,6.41
2025-02-26 03:01:08,6.39
2025-02-26 03:03:11,5.5
2025-02-26 03:05:14,5.85
2025-02-26 03:07:18,6.12
2025-02-26 03:09:21,5.66
2025-02-26 03:11:24,5.7
2025-02-26 03:13:27,5.87
2025-02-26 03:15:30,5.85
2025-02-26 03:17:33,5.57
2025-02-26 03:19:36,5.22
2025-02-26 03:21:42,5.13
2025-02-26 03:23:45,5.33
2025-02-26 03:25:48,5.34
2025-02-26 03:27:51,5.52
2025-02-26 03:29:54,5.47
2025-02-26 03:31:58,5.66
2025-02-26 03:34:01,6.01
2025-02-26 03:36:04,6.22
2025-02-26 03:38:08,6.11
2025-02-26 03:40:11,6.56
2025-02-26 03:42:14,6.69
2025-02-26 03:44:18,6.1
2025-02-26 03:46:21,6.01
2025-02-26 03:48:24,5.76
2025-02-26 03:50:29,6.11
2025-02-26 03:52:32,5.95
2025-02-26 03:54:35,6.02
2025-02-26 03:56:39,5.88
2025-02-26 03:58:42,5.98
2025-02-26 04:00:45,5.87
2025-02-26 04:02:48,5.7
2025-02-26 04:04:51,5.69
2025-02-26 04:06:54,5.8
2025-02-26 04:08:57,6.02
2025-02-26 04:11:00,6.29
2025-02-26 04:13:03,6.08
2025-02-26 04:15:07,5.68
2025-02-26 04:17:10,5.55
2025-02-26 04:19:13,5.71
2025-02-26 04:21:16,5.86
2025-02-26 04:23:19,6.38
2025-02-26 04:25:24,6.07
2025-02-26 04:27:27,6.14
2025-02-26 04:29:30,6.5
2025-02-26 04:31:33,6.43
2025-02-26 04:33:36,6.32
2025-02-26 04:35:40,6.45
2025-02-26 04:37:43,6.45
2025-02-26 04:39:46,6.65
2025-02-26 04:41:49,6.58
2025-02-26 04:43:52,6.47
2025-02-26 04:45:56,6.51
2025-02-26 04:47:59,6.54
2025-02-26 04:50:02,6.46
2025-02-26 04:52:05,6.4
2025-02-26 04:54:09,6.33
2025-02-26 04:56:12,6.37
2025-02-26 04:58:15,6.1
2025-02-26 05:00:18,6.3
2025-02-26 05:02:21,6.05
2025-02-26 05:04:24,5.78
2025-02-26 05:06:28,5.82
2025-02-26 05:08:31,5.78
2025-02-26 05:10:34,5.65
2025-02-26 05:12:37,5.77
2025-02-26 05:14:41,5.9
2025-02-26 05:16:44,5.86
2025-02-26 05:18:47,5.74
2025-02-26 05:20:50,5.82
2025-02-26 05:22:53,5.77
2025-02-26 05:24:57,5.66
2025-02-26 05:27:00,5.68
2025-02-26 05:29:03,5.71
2025-02-26 05:31:07,5.62
2025-02-26 05:33:10,5.68
2025-02-26 05:35:13,5.81
2025-02-26 05:37:16,5.67
2025-02-26 05:39:20,5.72
2025-02-26 05:41:23,5.47
2025-02-26 05:43:26,5.43
2025-02-26 05:45:31,5.56
2025-02-26 05:47:35,5.67
2025-02-26 05:49:38,5.54
2025-02-26 05:51:41,5.5
2025-02-26 05:53:45,5.49
2025-02-26 05:55:48,5.48
2025-02-26 05:57:51,5.46
2025-02-26 05:59:54,5.6
2025-02-26 06:01:57,5.44
2025-02-26 06:04:00,5.44
2025-02-26 06:06:04,5.53
2025-02-26 06:08:07,5.39
2025-02-26 06:10:10,5.64
2025-02-26 06:12:16,5.49
2025-02-26 06:14:19,5.82
2025-02-26 06:16:22,5.82
2025-02-26 06:18:25,5.66
2025-02-26 06:20:29,5.66
2025-02-26 06:22:32,5.61
2025-02-26 06:24:35,5.41
2025-02-26 06:26:39,5.49
2025-02-26 06:28:42,5.64
2025-02-26 06:30:45,5.85
2025-02-26 06:32:48,5.77
2025-02-26 06:34:52,5.59
2025-02-26 06:36:55,5.52
2025-02-26 06:38:58,5.48
2025-02-26 06:41:02,5.58
2025-02-26 06:43:05,5.57
2025-02-26 06:45:08,5.57
2025-02-26 06:47:11,5.72
2025-02-26 06:49:15,5.82
2025-02-26 06:51:18,5.88
2025-02-26 06:53:22,5.9
2025-02-26 06:55:25,6.23
2025-02-26 06:57:28,6.46
2025-02-26 06:59:32,6.83
2025-02-26 07:01:35,7.06
2025-02-26 07:03:39,6.89
2025-02-26 07:05:43,6.89
2025-02-26 07:07:46,6.86
2025-02-26 07:09:49,6.88
2025-02-26 07:11:53,6.84
2025-02-26 07:13:56,6.55
2025-02-26 07:15:59,6.5
2025-02-26 07:18:02,6.83
2025-02-26 07:20:06,6.81
2025-02-26 07:22:09,6.95
2025-02-26 07:24:13,6.47
2025-02-26 07:26:16,6.4
2025-02-26 07:28:20,6.16
2025-02-26 07:30:23,5.84
2025-02-26 07:32:27,5.86
2025-02-26 07:34:30,6.0
2025-02-26 07:36:34,6.04
2025-02-26 07:38:37,5.99
2025-02-26 07:40:40,5.64
2025-02-26 07:42:44,5.6
2025-02-26 07:44:47,5.91
2025-02-26 07:46:51,5.72
2025-02-26 07:48:54,5.87
2025-02-26 07:50:58,6.0
2025-02-26 07:53:02,6.11
2025-02-26 07:55:05,6.13
2025-02-26 07:57:10,5.9
2025-02-26 07:59:13,6.46
2025-02-26 08:01:17,6.5
2025-02-26 08:03:21,6.73
2025-02-26 08:05:24,6.85
2025-02-26 08:07:30,6.7
2025-02-26 08:09:34,6.74
2025-02-26 08:11:37,6.57
2025-02-26 08:13:41,6.68
2025-02-26 08:15:46,6.8
2025-02-26 08:17:49,7.04
2025-02-26 08:19:53,6.87
2025-02-26 08:21:56,6.9
2025-02-26 08:23:59,7.01
2025-02-26 08:26:02,7.28
2025-02-26 08:28:06,7.33
2025-02-26 08:30:09,7.11
2025-02-26 08:32:13,7.3
2025-02-26 08:34:16,7.4
2025-02-26 08:36:19,6.88
2025-02-26 08:38:23,6.9
2025-02-26 08:40:26,7.41
2025-02-26 08:42:30,7.39
2025-02-26 08:44:33,7.6
2025-02-26 08:46:36,7.78
2025-02-26 08:48:40,7.76
2025-02-26 08:50:43,7.81
2025-02-26 08:52:46,8.0
2025-02-26 08:54:50,8.37
2025-02-26 08:56:54,8.25
2025-02-26 08:58:57,8.62
2025-02-26 09:01:01,8.48
2025-02-26 09:03:04,8.34
2025-02-26 09:05:07,8.3
2025-02-26 09:07:11,8.78
2025-02-26 09:09:14,8.6
2025-02-26 09:11:20,8.67
2025-02-26 09:13:24,8.42
2025-02-26 09:15:27,8.93
2025-02-26 09:17:30,8.37
2025-02-26 09:19:34,8.4
2025-02-26 09:21:37,8.18
2025-02-26 09:23:41,7.83
2025-02-26 09:25:44,8.13
2025-02-26 09:27:48,8.24
2025-02-26 09:29:51,8.39
2025-02-26 09:31:55,8.34
2025-02-26 09:33:58,8.3
2025-02-26 09:36:02,8.22
2025-02-26 09:38:05,8.12
2025-02-26 09:40:09,8.49
2025-02-26 09:42:13,8.74
2025-02-26 09:44:16,8.75
2025-02-26 09:46:20,8.65
2025-02-26 09:48:23,8.91
2025-02-26 09:50:27,8.66
2025-02-26 09:52:30,8.59
2025-02-26 09:54:34,8.7
2025-02-26 09:56:37,9.04
2025-02-26 09:58:40,8.96
2025-02-26 10:00:44,9.41
2025-02-26 10:02:48,9.17
2025-02-26 10:04:51,9.62
2025-02-26 10:06:55,9.66
2025-02-26 10:08:58,9.56
2025-02-26 10:11:02,9.88
2025-02-26 10:13:06,9.78
2025-02-26 10:15:09,9.74
2025-02-26 10:17:13,9.88
2025-02-26 10:19:16,9.58
2025-02-26 10:21:20,9.53
2025-02-26 10:23:23,9.36
2025-02-26 10:25:26,9.76
2025-02-26 10:27:30,9.54
2025-02-26 10:29:33,9.03
2025-02-26 10:31:37,9.1
2025-02-26 10:33:40,9.23
2025-02-26 10:35:43,9.25
2025-02-26 10:37:47,9.61
2025-02-26 10:39:50,9.46
2025-02-26 10:41:54,9.32
2025-02-26 10:43:57,9.56
2025-02-26 10:46:00,9.83
2025-02-26 10:48:04,9.99
2025-02-26 10:50:07,10.1
2025-02-26 10:52:11,9.92
2025-02-26 10:54:14,9.92
2025-02-26 10:56:17,9.85
2025-02-26 10:58:21,10.19
2025-02-26 11:00:25,10.75
2025-02-26 11:02:28,11.0
2025-02-26 11:04:32,11.2
2025-02-26 11:06:36,11.34
2025-02-26 11:08:40,11.4
2025-02-26 11:10:43,11.57
2025-02-26 11:12:47,11.19
2025-02-26 11:14:50,11.7
2025-02-26 11:16:54,11.8
2025-02-26 11:18:59,11.61
2025-02-26 11:21:03,11.48
2025-02-26 11:23:06,11.59
2025-02-26 11:25:10,11.42
2025-02-26 11:27:13,11.9
2025-02-26 11:29:17,12.06
2025-02-26 11:31:21,11.85
2025-02-26 11:33:24,11.66
2025-02-26 11:35:27,11.4
2025-02-26 11:37:31,11.54
2025-02-26 11:39:35,11.62
2025-02-26 11:41:38,11.71
2025-02-26 11:43:41,11.94
2025-02-26 11:45:45,12.04
2025-02-26 11:47:48,12.21
2025-02-26 11:49:52,11.94
2025-02-26 11:51:55,12.19
2025-02-26 11:53:58,12.32
2025-02-26 11:56:02,12.3
2025-02-26 11:58:06,12.33
2025-02-26 12:00:10,12.15
2025-02-26 12:02:13,12.36
2025-02-26 12:04:17,12.4
2025-02-26 12:06:20,12.31
2025-02-26 12:08:23,11.92
2025-02-26 12:10:27,12.17
2025-02-26 12:12:31,12.32
2025-02-26 12:14:34,12.29
2025-02-26 12:16:38,12.33
2025-02-26 12:18:41,12.08
2025-02-26 12:20:45,12.25
2025-02-26 12:22:49,12.25
2025-02-26 12:24:52,12.49
2025-02-26 12:26:56,12.28
2025-02-26 12:28:59,12.15
2025-02-26 12:31:02,12.02
2025-02-26 12:33:06,12.26
2025-02-26 12:35:10,12.15
2025-02-26 12:37:13,11.07
2025-02-26 12:39:17,10.4
2025-02-26 12:41:20,10.88
2025-02-26 12:43:23,10.8
2025-02-26 12:45:27,10.44
2025-02-26 12:47:30,10.41
2025-02-26 12:49:34,9.64
2025-02-26 12:51:37,9.64
2025-02-26 12:53:41,9.85
2025-02-26 12:55:45,9.86
2025-02-26 12:57:48,9.47
2025-02-26 12:59:51,9.57
2025-02-26 13:01:55,10.03
2025-02-26 13:03:58,10.82
2025-02-26 13:06:02,11.04
2025-02-26 13:08:07,10.57
2025-02-26 13:10:10,10.17
2025-02-26 13:12:14,10.25
2025-02-26 13:14:18,10.23
2025-02-26 13:16:21,10.17
2025-02-26 13:18:24,10.3
2025-02-26 13:20:27,10.11
2025-02-26 13:22:31,9.61
2025-02-26 13:24:35,9.5
2025-02-26 13:26:38,9.75
2025-02-26 13:28:41,10.14
2025-02-26 13:30:47,10.15
2025-02-26 13:32:50,9.94
2025-02-26 13:34:54,10.08
2025-02-26 13:36:58,10.21
2025-02-26 13:39:01,10.29
2025-02-26 13:41:05,10.85
2025-02-26 13:43:08,9.9
2025-02-26 13:45:12,10.84
2025-02-26 13:47:15,11.18
2025-02-26 13:49:19,10.98
2025-02-26 13:51:23,10.84
2025-02-26 13:53:26,10.47
2025-02-26 13:55:30,10.42
2025-02-26 13:57:34,9.85
2025-02-26 13:59:38,10.03
2025-02-26 14:01:41,10.04
2025-02-26 14:03:44,10.31
2025-02-26 14:05:48,10.15
2025-02-26 14:07:52,9.9
2025-02-26 14:09:55,9.71
2025-02-26 14:11:59,9.55
2025-02-26 14:14:03,9.56
2025-02-26 14:16:06,9.32
2025-02-26 14:18:10,9.74
2025-02-26 14:20:16,9.52
2025-02-26 14:22:19,9.42
2025-02-26 14:24:23,9.62
2025-02-26 14:26:26,9.67
2025-02-26 14:28:29,9.49
2025-02-26 14:30:33,9.24
2025-02-26 14:32:36,9.59
2025-02-26 14:34:40,9.86
2025-02-26 14:36:43,9.87
2025-02-26 14:38:47,9.49
2025-02-26 14:40:51,9.57
2025-02-26 14:42:54,9.75
2025-02-26 14:44:58,9.9
2025-02-26 14:47:02,9.35
2025-02-26 14:49:05,8.87
2025-02-26 14:51:09,9.17
2025-02-26 14:53:12,8.94
2025-02-26 14:55:16,8.84
2025-02-26 14:57:19,8.67
2025-02-26 14:59:23,8.52
2025-02-26 15:01:26,8.4
2025-02-26 15:03:30,8.33
2025-02-26 15:05:33,8.55
2025-02-26 15:07:37,8.63
2025-02-26 15:09:40,8.71
2025-02-26 15:11:44,8.96
2025-02-26 15:13:47,9.09
2025-02-26 15:15:51,8.94
2025-02-26 15:17:54,8.83
2025-02-26 15:19:57,8.9
2025-02-26 15:22:01,8.92
2025-02-26 15:24:05,8.91
2025-02-26 15:26:08,8.67
2025-02-26 15:28:12,8.73
2025-02-26 15:30:15,8.77
2025-02-26 15:32:19,8.02
2025-02-26 15:34:23,8.05
2025-02-26 15:36:26,7.53
2025-02-26 15:38:30,7.61
2025-02-26 15:40:33,7.65
2025-02-26 15:42:38,7.69
2025-02-26 15:44:42,7.33
2025-02-26 15:46:45,7.46
2025-02-26 15:48:49,7.8
2025-02-26 15:50:53,7.74
2025-02-26 15:52:56,7.81
2025-02-26 15:55:00,7.85
2025-02-26 15:57:03,8.07
2025-02-26 15:59:07,8.2
2025-02-26 16:01:12,8.06
2025-02-26 16:03:16,8.09
2025-02-26 16:05:19,8.37
2025-02-26 16:07:23,8.29
2025-02-26 16:09:26,8.48
2025-02-26 16:11:30,8.59
2025-02-26 16:13:33,9.3
2025-02-26 16:15:37,9.38
