timestamp,temp_bmp_c,temp_cpu_c
2026-07-01 18:33:53,20.12,49.9
2026-07-01 18:38:53,20.06,47.2
2026-07-01 18:43:53,19.93,46.2
2026-07-01 21:21:09,19.37,49.9
2026-07-01 21:24:52,19.44,49.9
2026-07-01 21:29:52,18.95,47.2
2026-07-01 21:34:52,18.7,47.2
2026-07-01 21:39:52,18.54,47.8
2026-07-01 21:44:52,18.48,47.8
2026-07-01 21:49:52,18.48,48.3
2026-07-01 21:54:52,18.43,47.8
2026-07-01 21:59:52,18.23,47.8
2026-07-01 22:04:52,18.15,48.3
2026-07-01 22:09:52,18.16,48.3
2026-07-01 22:14:52,18.17,48.3
2026-07-01 22:19:52,18.11,48.3
2026-07-01 22:24:52,18.15,48.3
2026-07-01 22:29:52,18.17,48.3
2026-07-01 22:34:52,18.14,47.8
2026-07-01 22:39:52,18.14,48.3
2026-07-01 22:44:52,18.31,47.8
2026-07-01 22:49:52,18.4,48.3
2026-07-01 22:54:52,18.34,47.2
2026-07-01 22:59:52,18.38,48.3
2026-07-01 23:04:52,18.48,48.3
2026-07-01 23:09:52,18.61,47.8
2026-07-01 23:14:52,18.58,48.3
2026-07-01 23:19:52,18.49,47.8
2026-07-01 23:24:52,18.56,47.2
2026-07-01 23:29:52,18.49,47.8
2026-07-01 23:34:52,18.54,47.8
2026-07-01 23:39:52,18.33,47.2
2026-07-01 23:44:52,18.18,47.8
2026-07-01 23:49:52,18.04,47.8
2026-07-01 23:54:52,17.91,47.2
2026-07-01 23:59:52,18.09,47.8
2026-07-02 00:04:52,17.93,47.2
2026-07-02 00:09:52,17.82,47.2
2026-07-02 00:14:52,17.75,47.2
2026-07-02 00:19:52,17.33,47.8
2026-07-02 00:24:52,17.35,47.2
2026-07-02 00:29:52,17.33,47.2
2026-07-02 00:34:52,17.22,47.2
2026-07-02 00:39:52,17.31,47.8
2026-07-02 00:44:52,17.35,47.8
2026-07-02 00:49:52,17.52,47.8
2026-07-02 00:54:52,17.39,47.2
2026-07-02 00:59:52,17.26,47.2
2026-07-02 01:04:52,17.12,47.2
2026-07-02 01:09:52,17.08,47.2
2026-07-02 01:14:52,16.86,47.2
2026-07-02 01:19:52,16.78,47.2
2026-07-02 01:24:52,16.73,46.2
2026-07-02 01:29:52,16.84,47.2
2026-07-02 01:34:52,16.46,46.2
2026-07-02 01:39:52,16.31,46.2
2026-07-02 01:44:52,16.2,46.2
2026-07-02 01:49:52,16.1,46.7
2026-07-02 01:54:52,15.98,46.2
2026-07-02 01:59:52,16.0,46.2
2026-07-02 02:04:52,16.12,46.2
2026-07-02 02:09:52,16.02,46.2
2026-07-02 02:14:52,16.11,47.2
2026-07-02 02:19:52,16.01,46.2
2026-07-02 02:24:52,16.04,47.2
2026-07-02 02:29:52,16.0,47.2
2026-07-02 02:34:52,16.09,47.2
2026-07-02 02:39:52,16.25,47.2
2026-07-02 02:44:52,16.15,47.2
2026-07-02 02:49:52,15.81,46.7
2026-07-02 02:54:52,15.82,47.2
2026-07-02 02:59:52,15.59,46.7
2026-07-02 03:04:52,15.57,46.7
2026-07-02 03:09:52,15.9,47.2
2026-07-02 03:14:52,15.9,47.2
2026-07-02 03:19:52,15.95,47.2
2026-07-02 03:24:52,15.73,47.2
2026-07-02 03:29:52,15.71,46.7
2026-07-02 03:34:52,15.71,46.7
2026-07-02 03:39:52,15.73,47.2
2026-07-02 03:44:52,15.72,47.2
2026-07-02 03:49:52,15.73,47.2
2026-07-02 03:54:52,15.7,46.7
2026-07-02 03:59:52,15.81,47.2
2026-07-02 04:04:52,15.93,46.2
2026-07-02 04:09:52,15.96,47.2
2026-07-02 04:14:52,15.83,47.2
2026-07-02 04:19:52,15.88,46.2
2026-07-02 04:24:52,15.75,47.2
2026-07-02 04:29:52,15.67,47.2
2026-07-02 04:34:52,15.57,47.2
2026-07-02 04:39:52,15.85,47.2
2026-07-02 04:44:52,15.64,47.2
2026-07-02 04:49:52,15.79,47.8
2026-07-02 04:54:52,15.73,46.7
2026-07-02 04:59:52,15.88,47.2
2026-07-02 05:04:52,15.84,47.8
2026-07-02 05:09:52,15.87,47.8
2026-07-02 05:14:52,15.84,47.8
2026-07-02 05:19:52,16.06,47.2
2026-07-02 05:24:52,15.96,47.2
2026-07-02 05:29:52,15.86,47.2
2026-07-02 05:34:52,15.42,47.2
2026-07-02 05:39:52,15.12,47.2
2026-07-02 05:44:52,15.31,47.2
2026-07-02 05:49:52,15.38,47.2
2026-07-02 05:54:52,15.65,47.8
2026-07-02 05:59:52,15.61,47.2
2026-07-02 06:04:52,15.5,46.7
2026-07-02 06:09:52,15.18,47.2
2026-07-02 06:14:52,15.03,46.7
2026-07-02 06:19:52,15.07,47.2
2026-07-02 06:24:52,14.77,46.2
2026-07-02 06:29:52,14.71,46.2
2026-07-02 06:34:52,14.73,46.7
2026-07-02 06:39:52,14.73,46.2
2026-07-02 06:44:52,14.97,46.2
2026-07-02 06:49:52,15.08,46.2
2026-07-02 06:54:52,15.24,47.2
2026-07-02 06:59:52,15.23,46.7
2026-07-02 07:04:52,15.03,46.2
2026-07-02 07:09:52,15.05,46.2
2026-07-02 07:14:52,15.28,46.7
2026-07-02 07:19:52,15.16,46.2
2026-07-02 07:24:52,15.17,46.2
2026-07-02 07:29:52,14.75,45.6
2026-07-02 07:34:52,14.93,45.6
2026-07-02 07:39:52,14.87,45.1
2026-07-02 07:44:52,14.89,45.1
2026-07-02 07:49:52,15.03,46.2
2026-07-02 07:54:52,14.95,45.6
2026-07-02 07:59:52,15.11,45.6
2026-07-02 08:04:52,14.87,45.1
2026-07-02 08:09:52,14.79,45.1
2026-07-02 08:14:52,15.1,45.6
2026-07-02 08:19:52,15.18,46.2
2026-07-02 08:24:52,15.12,46.2
2026-07-02 08:29:52,15.23,46.2
2026-07-02 08:34:52,15.13,46.2
2026-07-02 08:39:52,15.03,46.2
2026-07-02 08:44:52,14.77,45.1
2026-07-02 08:49:52,14.84,45.6
2026-07-02 08:54:52,14.95,46.2
2026-07-02 08:59:52,15.36,46.2
2026-07-02 09:04:52,15.31,46.2
2026-07-02 09:09:52,15.58,46.2
2026-07-02 09:14:52,15.98,46.2
2026-07-02 09:19:52,15.24,45.6
2026-07-02 09:24:52,15.68,46.2
2026-07-02 09:29:52,15.64,45.1
2026-07-02 09:34:52,15.54,45.6
2026-07-02 09:39:52,15.77,45.1
2026-07-02 09:44:52,16.3,45.6
2026-07-02 09:49:52,16.07,45.1
2026-07-02 09:54:52,16.26,45.6
2026-07-02 09:59:52,16.34,45.6
2026-07-02 10:04:52,16.61,45.6
2026-07-02 10:09:52,17.06,45.6
2026-07-02 10:14:52,17.49,45.6
2026-07-02 10:19:52,17.36,46.2
2026-07-02 10:24:52,17.43,45.6
2026-07-02 10:29:52,17.59,46.2
2026-07-02 10:34:52,18.13,46.2
2026-07-02 10:39:52,17.2,46.2
2026-07-02 10:44:52,18.13,46.2
2026-07-02 10:49:52,19.02,46.7
2026-07-02 10:54:52,19.03,46.2
2026-07-02 10:59:52,19.05,46.7
2026-07-02 11:04:52,19.91,47.2
2026-07-02 11:09:52,20.49,47.2
2026-07-02 11:14:52,21.63,47.8
2026-07-02 11:19:52,21.34,47.2
2026-07-02 11:24:52,22.01,47.2
2026-07-02 11:29:52,20.78,47.8
2026-07-02 11:34:52,19.91,47.2
2026-07-02 11:39:53,19.93,46.7
2026-07-02 11:44:53,20.11,47.2
2026-07-02 11:49:53,19.48,47.2
2026-07-02 11:54:53,19.7,47.2
2026-07-02 11:59:53,19.89,47.2
2026-07-02 12:04:53,19.63,47.2
2026-07-02 12:09:53,19.73,47.2
2026-07-02 12:14:53,21.1,48.3
2026-07-02 12:19:53,22.14,47.8
2026-07-02 12:24:53,19.81,47.2
2026-07-02 12:29:53,19.5,47.8
2026-07-02 12:34:53,20.13,47.2
2026-07-02 12:39:53,19.08,47.2
2026-07-02 12:44:53,20.24,47.2
2026-07-02 12:49:53,19.8,47.2
2026-07-02 12:54:53,20.74,47.2
2026-07-02 12:59:53,19.97,47.2
2026-07-02 13:04:53,20.15,47.8
2026-07-02 13:09:53,21.24,47.8
2026-07-02 13:14:53,21.9,47.8
2026-07-02 13:19:53,22.25,47.8
2026-07-02 13:24:53,21.59,47.2
2026-07-02 13:29:53,22.36,47.2
2026-07-02 13:34:53,22.81,47.8
2026-07-02 13:39:53,21.87,48.3
2026-07-02 13:44:53,20.95,47.8
2026-07-02 13:49:53,21.38,47.2
2026-07-02 13:54:53,21.71,47.8
2026-07-02 13:59:53,21.67,47.8
2026-07-02 14:04:53,22.61,48.3
2026-07-02 14:09:53,22.08,47.2
2026-07-02 14:14:53,23.48,48.3
2026-07-02 14:19:53,23.71,48.3
2026-07-02 14:24:53,21.27,47.2
2026-07-02 14:29:53,23.09,47.8
2026-07-02 14:34:53,22.97,48.3
2026-07-02 14:39:53,22.51,47.2
2026-07-02 14:44:53,22.1,45.6
2026-07-02 14:49:53,21.99,45.1
2026-07-02 14:54:53,23.09,46.2
2026-07-02 14:59:53,24.08,47.2
2026-07-02 15:04:53,23.86,47.2
2026-07-02 15:09:53,23.57,47.8
2026-07-02 15:14:53,22.59,46.2
2026-07-02 15:19:53,23.0,46.2
2026-07-02 15:24:53,22.31,45.1
2026-07-02 15:29:53,23.59,47.2
2026-07-02 15:34:53,23.77,46.2
2026-07-02 15:39:53,23.4,46.2
2026-07-02 15:44:53,24.02,47.2
2026-07-02 15:49:53,23.87,46.7
2026-07-02 15:54:53,23.45,46.7
2026-07-02 15:59:53,22.22,45.6
2026-07-02 16:04:53,23.44,47.2
2026-07-02 16:09:53,24.45,47.2
2026-07-02 16:14:53,24.27,45.6
2026-07-02 16:19:53,23.54,43.5
2026-07-02 16:24:53,23.34,44.5
2026-07-02 16:29:53,23.33,45.1
2026-07-02 16:34:53,24.32,44.5
2026-07-02 16:39:53,24.3,45.1
2026-07-02 16:44:53,24.14,45.1
2026-07-02 16:49:53,23.13,44.0
2026-07-02 16:54:53,23.68,45.1
2026-07-02 16:59:53,24.01,45.1
2026-07-02 17:04:53,23.4,45.1
2026-07-02 17:09:53,23.4,45.6
2026-07-02 17:14:53,23.19,44.5
2026-07-02 17:19:53,23.26,45.1
2026-07-02 17:24:53,23.18,46.2
2026-07-02 17:29:53,23.15,47.2
2026-07-02 17:34:53,22.69,47.8
2026-07-02 17:39:53,22.75,47.8
2026-07-02 17:44:53,23.01,48.3
2026-07-02 17:49:53,22.94,48.9
2026-07-02 17:54:53,22.94,48.3
2026-07-02 17:59:53,22.92,48.3
2026-07-02 18:04:53,22.59,48.3
2026-07-02 18:09:53,22.83,48.3
2026-07-02 18:14:53,22.78,48.3
2026-07-02 18:19:53,22.62,48.3
2026-07-02 18:24:53,22.42,48.3
2026-07-02 18:29:53,22.53,48.9
2026-07-02 18:34:53,22.51,48.3
2026-07-02 18:39:53,22.5,48.3
2026-07-02 18:44:53,22.41,49.4
2026-07-02 18:49:53,22.15,48.9
2026-07-02 18:54:53,22.14,48.3
2026-07-02 18:58:09,22.07,974.14
2026-07-02 19:03:09,22.02,974.18
2026-07-02 19:08:09,21.89,974.09
2026-07-02 19:13:09,21.66,974.05
2026-07-02 19:18:09,21.54,974.1
2026-07-02 19:23:09,21.52,974.07
2026-07-02 19:28:09,21.77,974.04
2026-07-02 19:33:09,21.62,974.05
2026-07-02 19:38:09,21.33,974.03
2026-07-02 19:43:09,21.11,974.02
2026-07-02 19:48:09,20.96,974.05
2026-07-02 19:53:09,20.84,974.03
2026-07-02 19:58:09,20.66,974.08
2026-07-02 20:03:09,20.44,974.09
2026-07-02 20:08:09,20.28,974.09
2026-07-02 20:13:09,20.08,974.08
2026-07-02 20:18:09,19.88,974.07
2026-07-02 20:23:09,19.65,974.14
2026-07-02 20:28:09,19.42,974.1
2026-07-02 20:33:09,19.28,974.12
2026-07-02 20:38:09,19.12,974.18
2026-07-02 20:43:09,18.87,974.24
2026-07-02 20:48:09,18.61,974.3
2026-07-02 20:53:09,18.33,974.29
2026-07-02 20:58:09,18.1,974.33
2026-07-02 21:03:09,17.91,974.46
2026-07-02 21:08:09,17.77,974.42
2026-07-02 21:13:09,17.53,974.52
2026-07-02 21:18:09,17.32,974.62
2026-07-02 21:23:09,17.18,974.7
2026-07-02 21:28:09,17.03,974.64
2026-07-02 21:33:09,16.92,974.69
2026-07-02 21:38:09,16.83,974.71
2026-07-02 21:43:09,16.69,974.68
2026-07-02 21:48:09,16.54,974.67
2026-07-02 21:53:09,16.47,974.78
2026-07-02 21:58:09,16.41,974.78
2026-07-02 22:03:09,16.38,974.75
2026-07-02 22:08:09,16.21,974.79
2026-07-02 22:13:09,16.14,974.77
2026-07-02 22:18:09,16.04,974.78
2026-07-02 22:23:09,15.98,974.8
2026-07-02 22:28:09,15.93,974.78
2026-07-02 22:33:09,15.82,974.73
2026-07-02 22:38:09,15.68,974.75
2026-07-02 22:43:09,15.63,974.69
2026-07-02 22:48:09,15.59,974.69
2026-07-02 22:53:09,15.6,974.7
2026-07-02 22:58:09,15.6,974.7
2026-07-02 23:03:09,15.52,974.76
2026-07-02 23:08:09,15.48,974.81
2026-07-02 23:13:09,15.44,974.85
2026-07-02 23:18:09,15.52,974.91
2026-07-02 23:23:09,15.55,974.87
2026-07-02 23:28:09,15.49,974.87
2026-07-02 23:33:09,15.48,974.88
2026-07-02 23:38:09,15.46,974.87
2026-07-02 23:43:09,15.45,974.79
2026-07-02 23:48:09,15.43,974.8
2026-07-02 23:53:09,15.4,974.81
2026-07-02 23:58:09,15.37,974.78
2026-07-03 00:03:09,15.34,974.82
2026-07-03 00:08:09,15.3,974.77
2026-07-03 00:13:09,15.27,974.72
2026-07-03 00:18:09,15.18,974.72
2026-07-03 00:23:09,15.09,974.73
2026-07-03 00:28:09,14.98,974.71
2026-07-03 00:33:09,14.86,974.67
2026-07-03 00:38:09,14.84,974.7
2026-07-03 00:43:09,14.81,974.67
2026-07-03 00:48:09,14.81,974.7
2026-07-03 00:53:09,14.76,974.7
2026-07-03 00:58:09,14.75,974.61
2026-07-03 01:03:09,14.7,974.63
2026-07-03 01:08:09,14.71,974.63
2026-07-03 01:13:09,14.74,974.64
2026-07-03 01:18:09,14.6,974.54
2026-07-03 01:23:09,14.46,974.54
2026-07-03 01:28:09,14.35,974.51
2026-07-03 01:33:09,14.17,974.53
2026-07-03 01:38:09,14.09,974.52
2026-07-03 01:43:09,14.06,974.48
2026-07-03 01:48:09,14.02,974.38
2026-07-03 01:53:09,13.96,974.41
2026-07-03 01:58:09,13.91,974.35
2026-07-03 02:03:09,13.95,974.21
2026-07-03 02:08:09,13.94,974.23
2026-07-03 02:13:09,13.92,974.15
2026-07-03 02:18:09,13.89,974.11
2026-07-03 02:23:09,13.91,974.1
2026-07-03 02:28:09,13.85,974.13
2026-07-03 02:33:09,13.83,974.04
2026-07-03 02:38:09,13.74,973.96
2026-07-03 02:43:09,13.58,974.02
2026-07-03 02:48:09,13.54,973.9
2026-07-03 02:53:09,13.48,973.9
2026-07-03 02:58:09,13.54,973.94
2026-07-03 03:03:09,13.49,973.97
2026-07-03 03:08:09,13.51,973.96
2026-07-03 03:13:09,13.45,974.0
2026-07-03 03:18:09,13.52,973.99
2026-07-03 03:23:09,13.48,973.99
2026-07-03 03:28:09,13.34,973.99
2026-07-03 03:33:09,13.33,973.95
2026-07-03 03:38:09,13.19,973.86
2026-07-03 03:43:09,13.41,973.91
2026-07-03 03:48:09,13.44,973.96
2026-07-03 03:53:09,13.45,973.87
2026-07-03 03:58:09,13.36,973.89
2026-07-03 04:03:09,13.27,973.93
2026-07-03 04:08:09,13.33,973.96
2026-07-03 04:13:09,13.31,973.93
2026-07-03 04:18:09,13.36,973.87
2026-07-03 04:23:09,13.3,973.92
2026-07-03 04:28:09,13.32,973.95
2026-07-03 04:33:09,13.32,973.94
2026-07-03 04:38:09,13.31,973.99
2026-07-03 04:43:09,13.54,974.03
2026-07-03 04:48:09,13.7,974.04
2026-07-03 04:53:09,13.82,974.09
2026-07-03 04:58:09,14.05,974.06
2026-07-03 05:03:09,14.15,974.12
2026-07-03 05:08:09,14.26,974.19
2026-07-03 05:13:09,14.36,974.19
2026-07-03 05:18:09,14.34,974.17
2026-07-03 05:23:09,14.37,974.23
2026-07-03 05:28:09,14.4,974.22
2026-07-03 05:33:09,14.42,974.22
2026-07-03 05:38:09,14.48,974.66
2026-07-03 05:43:09,14.31,974.74
2026-07-03 05:48:09,14.4,975.0
2026-07-03 05:53:09,14.59,975.03
2026-07-03 05:58:09,14.66,975.08
2026-07-03 06:03:09,14.93,975.14
2026-07-03 06:08:09,15.11,975.15
2026-07-03 06:13:09,15.29,975.24
2026-07-03 06:18:09,15.47,975.24
2026-07-03 06:23:09,15.87,975.29
2026-07-03 06:28:09,16.24,975.33
2026-07-03 06:33:09,16.51,975.46
2026-07-03 06:38:09,16.57,975.47
2026-07-03 06:43:09,16.67,975.55
2026-07-03 06:48:09,16.72,975.62
2026-07-03 06:53:09,16.77,975.62
2026-07-03 06:58:09,16.81,975.69
2026-07-03 07:03:09,16.74,975.68
2026-07-03 07:08:09,16.72,975.68
2026-07-03 07:13:09,16.58,975.69
2026-07-03 07:18:09,16.5,975.69
2026-07-03 07:23:09,16.41,975.68
2026-07-03 07:28:09,16.46,975.7
2026-07-03 07:33:09,16.49,975.73
2026-07-03 07:38:09,16.42,975.8
2026-07-03 07:43:09,16.44,975.84
2026-07-03 07:48:09,16.4,975.89
2026-07-03 07:53:09,16.44,975.79
2026-07-03 07:58:09,16.33,975.77
2026-07-03 08:03:09,16.43,975.82
2026-07-03 08:08:09,16.51,975.88
2026-07-03 08:13:09,16.43,975.95
2026-07-03 08:18:09,16.28,976.06
2026-07-03 08:23:09,16.27,976.14
2026-07-03 08:28:09,16.28,976.18
2026-07-03 08:33:09,16.18,976.29
2026-07-03 08:38:09,15.64,976.51
2026-07-03 08:43:09,14.63,976.5
2026-07-03 08:48:09,14.39,976.67
2026-07-03 08:53:09,14.07,976.79
2026-07-03 08:58:09,14.01,976.86
2026-07-03 09:03:09,13.96,976.86
2026-07-03 09:08:09,14.05,976.94
2026-07-03 09:13:09,14.04,976.92
2026-07-03 09:18:09,14.46,976.92
2026-07-03 09:23:09,14.79,976.96
2026-07-03 09:28:09,14.94,976.98
2026-07-03 09:33:09,15.15,977.02
2026-07-03 09:38:09,15.26,977.12
2026-07-03 09:43:09,15.24,977.15
2026-07-03 09:48:09,15.35,977.08
2026-07-03 09:53:09,15.62,977.15
2026-07-03 09:58:09,15.55,977.14
2026-07-03 10:03:09,15.48,977.24
2026-07-03 10:08:09,15.49,977.23
2026-07-03 10:13:09,15.5,977.27
2026-07-03 10:18:09,15.61,977.31
2026-07-03 10:23:09,15.92,977.32
2026-07-03 10:28:09,16.23,977.25
2026-07-03 10:33:09,16.25,977.3
2026-07-03 10:38:09,16.17,977.31
2026-07-03 10:43:09,16.1,977.33
2026-07-03 10:48:09,16.31,977.3
2026-07-03 10:53:09,16.61,977.32
2026-07-03 10:58:09,17.28,977.33
2026-07-03 11:03:09,17.76,977.39
2026-07-03 11:08:09,17.86,977.41
2026-07-03 11:13:09,17.94,977.39
2026-07-03 11:18:09,18.27,977.32
2026-07-03 11:23:09,17.84,977.33
2026-07-03 11:28:09,17.45,977.4
2026-07-03 11:33:09,17.31,977.46
2026-07-03 11:38:09,17.27,977.41
2026-07-03 11:43:09,17.39,977.48
2026-07-03 11:48:09,18.32,977.53
2026-07-03 11:53:09,19.11,977.54
2026-07-03 11:58:09,20.51,977.52
2026-07-03 12:03:09,21.91,977.43
2026-07-03 12:08:09,20.57,977.58
2026-07-03 12:13:09,20.32,977.6
2026-07-03 12:18:09,20.2,977.57
2026-07-03 12:23:09,21.01,977.5
2026-07-03 12:28:09,21.22,977.59
2026-07-03 12:33:09,20.73,977.67
2026-07-03 12:38:09,19.52,977.6
2026-07-03 12:43:09,19.62,977.54
2026-07-03 12:48:09,20.0,977.56
2026-07-03 12:53:09,19.03,977.54
2026-07-03 12:58:09,19.29,977.59
2026-07-03 13:03:09,20.08,977.51
2026-07-03 13:08:09,20.72,977.51
2026-07-03 13:13:09,20.04,977.55
2026-07-03 13:18:09,20.71,977.47
2026-07-03 13:23:09,21.24,977.54
2026-07-03 13:28:09,19.21,977.68
2026-07-03 13:33:09,20.06,977.65
2026-07-03 13:38:09,20.6,977.65
2026-07-03 13:43:09,20.6,977.63
2026-07-03 13:48:09,20.18,977.55
2026-07-03 13:53:09,20.47,977.49
2026-07-03 13:58:09,20.23,977.52
2026-07-03 14:03:09,19.86,977.52
2026-07-03 14:08:09,19.93,977.53
2026-07-03 14:13:09,20.77,977.44
2026-07-03 14:18:09,22.03,977.43
2026-07-03 14:23:09,20.72,977.5
2026-07-03 14:28:09,20.28,977.51
2026-07-03 14:33:09,21.1,977.5
2026-07-03 14:38:09,19.86,977.54
2026-07-03 14:43:09,20.52,977.42
2026-07-03 14:48:09,20.09,977.42
2026-07-03 14:53:09,20.02,977.32
2026-07-03 14:58:09,19.41,977.3
2026-07-03 15:03:09,20.18,977.34
2026-07-03 15:08:09,20.05,977.29
2026-07-03 15:13:09,20.67,977.18
2026-07-03 15:18:09,21.65,977.24
2026-07-03 15:23:09,21.51,977.27
2026-07-03 15:28:09,21.36,977.38
2026-07-03 15:33:09,21.22,977.33
2026-07-03 15:38:09,20.57,977.43
2026-07-03 15:43:09,20.12,977.39
2026-07-03 15:48:09,20.39,977.45
2026-07-03 15:53:09,20.59,977.47
2026-07-03 15:58:09,20.39,977.37
2026-07-03 16:03:09,20.76,977.37
2026-07-03 16:08:09,20.88,977.46
2026-07-03 16:13:09,20.63,977.33
2026-07-03 16:18:09,20.1,977.38
2026-07-03 16:23:09,20.09,977.34
2026-07-03 16:28:09,20.06,977.29
2026-07-03 16:33:09,21.15,977.27
2026-07-03 16:38:09,22.31,977.16
2026-07-03 16:43:09,21.82,977.18
2026-07-03 16:48:09,20.59,977.23
2026-07-03 16:53:09,20.16,977.28
2026-07-03 16:58:09,19.7,977.24
2026-07-03 17:03:09,19.96,977.18
2026-07-03 17:08:09,20.25,977.29
2026-07-03 17:13:09,19.89,977.26
2026-07-03 17:18:09,19.72,977.28
2026-07-03 17:23:09,19.83,977.26
2026-07-03 17:28:09,19.95,977.29
2026-07-03 17:33:09,19.78,977.23
2026-07-03 17:38:09,20.34,977.17
2026-07-03 17:43:09,19.54,977.15
2026-07-03 17:48:09,19.88,977.18
2026-07-03 17:53:09,19.8,977.23
2026-07-03 17:58:09,19.48,977.23
2026-07-03 18:03:09,19.97,977.15
2026-07-03 18:08:10,19.47,977.17
2026-07-03 18:13:10,19.36,977.21
2026-07-03 18:18:10,19.73,977.2
2026-07-03 18:23:10,19.46,977.21
2026-07-03 18:28:10,19.47,977.2
2026-07-03 18:33:10,19.33,977.18
2026-07-03 18:38:10,19.0,977.21
2026-07-03 18:43:10,18.64,977.24
2026-07-03 18:48:10,18.77,977.23
2026-07-03 18:53:10,18.75,977.31
2026-07-03 18:58:10,18.8,977.31
2026-07-03 19:03:10,18.56,977.26
2026-07-03 19:08:10,18.41,977.29
2026-07-03 19:13:10,18.45,977.3
2026-07-03 19:18:10,18.41,977.31
2026-07-03 19:23:10,18.25,977.42
2026-07-03 19:28:10,18.63,977.43
2026-07-03 19:33:10,18.46,977.4
2026-07-03 19:38:10,18.2,977.44
2026-07-03 19:43:10,18.03,977.48
2026-07-03 19:48:10,17.88,977.42
2026-07-03 19:53:10,17.84,977.44
2026-07-03 19:58:10,17.86,977.49
2026-07-03 20:03:10,17.66,977.54
2026-07-03 20:08:10,17.42,977.52
2026-07-03 20:13:10,17.45,977.58
2026-07-03 20:18:10,17.2,977.66
2026-07-03 20:23:10,17.26,977.65
2026-07-03 20:28:10,17.1,977.75
2026-07-03 20:33:10,16.86,977.78
2026-07-03 20:38:10,16.8,977.81
2026-07-03 20:43:10,16.66,977.87
2026-07-03 20:48:10,16.41,977.86
2026-07-03 20:53:10,16.45,977.93
2026-07-03 20:58:10,16.37,977.87
2026-07-03 21:03:10,16.28,977.96
2026-07-03 21:08:10,16.33,977.96
2026-07-03 21:13:10,16.22,977.98
2026-07-03 21:18:10,16.06,977.99
2026-07-03 21:23:10,15.84,977.97
2026-07-03 21:28:10,15.65,978.02
2026-07-03 21:33:10,15.4,978.03
2026-07-03 21:38:10,15.06,978.03
2026-07-03 21:43:10,14.78,978.12
2026-07-03 21:48:10,14.67,978.09
2026-07-03 21:53:10,14.79,978.11
2026-07-03 21:58:10,14.82,978.13
2026-07-03 22:03:10,14.88,978.15
2026-07-03 22:08:10,14.79,978.19
2026-07-03 22:13:10,14.74,978.2
2026-07-03 22:18:10,14.66,978.26
2026-07-03 22:23:10,14.93,978.24
2026-07-03 22:28:10,15.01,978.28
2026-07-03 22:33:10,15.02,978.34
2026-07-03 22:38:10,14.93,978.4
2026-07-03 22:43:10,14.74,978.43
2026-07-03 22:48:10,14.41,978.46
2026-07-03 22:53:10,14.36,978.53
2026-07-03 22:58:10,14.59,978.53
2026-07-03 23:03:10,14.77,978.55
2026-07-03 23:08:10,14.79,978.54
2026-07-03 23:13:10,14.78,978.57
2026-07-03 23:18:10,14.69,978.54
2026-07-03 23:23:10,14.73,978.58
2026-07-03 23:28:10,14.75,978.56
2026-07-03 23:33:10,14.77,978.67
2026-07-03 23:38:10,14.78,978.66
2026-07-03 23:43:10,14.88,978.7
2026-07-03 23:48:10,14.96,978.68
2026-07-03 23:53:10,14.89,978.67
2026-07-03 23:58:10,14.78,978.72
2026-07-04 00:03:10,14.7,978.7
2026-07-04 00:08:10,14.67,978.68
2026-07-04 00:13:10,14.64,978.7
2026-07-04 00:18:10,14.64,978.74
2026-07-04 00:23:10,14.47,978.82
2026-07-04 00:28:10,14.35,978.81
2026-07-04 00:33:10,14.28,978.84
2026-07-04 00:38:10,14.2,978.8
2026-07-04 00:43:10,14.14,978.78
2026-07-04 00:48:10,14.06,978.74
2026-07-04 00:53:10,13.86,978.71
2026-07-04 00:58:10,13.77,978.67
2026-07-04 01:03:10,13.71,978.64
2026-07-04 01:08:10,13.66,978.62
2026-07-04 01:13:10,13.6,978.64
2026-07-04 01:18:10,13.59,978.56
2026-07-04 01:23:10,13.55,978.64
2026-07-04 01:28:10,13.67,978.58
2026-07-04 01:33:10,13.75,978.51
2026-07-04 01:38:10,13.64,978.48
2026-07-04 01:43:10,13.68,978.44
2026-07-04 01:48:10,13.63,978.47
2026-07-04 01:53:10,13.71,978.45
2026-07-04 01:58:10,14.0,978.47
2026-07-04 02:03:10,14.18,978.43
2026-07-04 02:08:10,14.3,978.45
2026-07-04 02:13:10,14.5,978.4
2026-07-04 02:18:10,14.7,978.37
2026-07-04 02:23:10,14.73,978.4
2026-07-04 02:28:10,14.78,978.45
2026-07-04 02:33:10,14.78,978.43
2026-07-04 02:38:10,14.73,978.42
2026-07-04 02:43:10,14.72,978.43
2026-07-04 02:48:10,14.75,978.45
2026-07-04 02:53:10,14.77,978.43
2026-07-04 02:58:10,14.66,978.45
2026-07-04 03:03:10,14.6,978.51
2026-07-04 03:08:10,14.59,978.5
2026-07-04 03:13:10,14.59,978.55
2026-07-04 03:18:10,14.6,978.59
2026-07-04 03:23:10,14.61,978.6
2026-07-04 03:28:10,14.55,978.56
2026-07-04 03:33:10,14.6,978.6
2026-07-04 03:38:10,14.52,978.62
2026-07-04 03:43:10,14.43,978.6
2026-07-04 03:48:10,14.39,978.6
2026-07-04 03:53:10,14.21,978.55
2026-07-04 03:58:10,14.23,978.51
2026-07-04 04:03:10,14.08,978.55
2026-07-04 04:08:10,14.12,978.49
2026-07-04 04:13:10,14.1,978.44
2026-07-04 04:18:10,14.09,978.43
2026-07-04 04:23:10,14.12,978.4
2026-07-04 04:28:10,14.15,978.43
2026-07-04 04:33:10,14.02,978.42
2026-07-04 04:38:10,13.98,978.46
2026-07-04 04:43:10,13.9,978.46
2026-07-04 04:48:10,13.76,978.44
2026-07-04 04:53:10,13.77,978.44
2026-07-04 04:58:10,13.94,978.41
2026-07-04 05:03:10,14.06,978.43
2026-07-04 05:08:10,14.14,978.45
2026-07-04 05:13:10,14.14,978.5
2026-07-04 05:18:10,13.95,978.51
2026-07-04 05:23:10,13.97,978.53
2026-07-04 05:28:10,14.02,978.49
2026-07-04 05:33:10,13.95,978.55
2026-07-04 05:38:10,13.93,978.48
2026-07-04 05:43:10,13.77,978.45
2026-07-04 05:48:10,13.63,978.44
2026-07-04 05:53:10,13.65,978.42
2026-07-04 05:58:10,13.59,978.47
2026-07-04 06:03:10,13.65,978.52
2026-07-04 06:08:10,13.63,978.56
2026-07-04 06:13:10,14.29,978.62
2026-07-04 06:18:10,16.87,978.56
2026-07-04 06:23:10,15.6,978.53
2026-07-04 06:28:10,15.24,978.57
2026-07-04 06:33:10,14.57,978.54
2026-07-04 06:38:10,14.15,978.61
2026-07-04 06:43:10,14.41,978.63
2026-07-04 06:48:10,14.54,978.58
2026-07-04 06:53:10,14.08,978.72
2026-07-04 06:58:10,13.76,978.71
2026-07-04 07:03:10,13.72,978.63
2026-07-04 07:08:10,14.23,978.73
2026-07-04 07:13:10,14.3,978.65
2026-07-04 07:18:10,13.85,978.69
2026-07-04 07:23:10,13.95,978.76
2026-07-04 07:28:10,14.44,978.78
2026-07-04 07:33:10,15.32,978.74
2026-07-04 07:38:10,14.61,978.85
2026-07-04 07:43:10,15.6,978.79
2026-07-04 07:48:10,15.34,978.87
2026-07-04 07:53:10,14.92,978.84
2026-07-04 07:58:10,15.55,978.89
2026-07-04 08:03:10,15.71,978.79
2026-07-04 08:08:10,15.84,978.92
2026-07-04 08:13:10,15.28,978.98
2026-07-04 08:18:10,15.85,978.96
2026-07-04 08:23:10,15.24,978.98
2026-07-04 08:28:10,15.5,978.97
2026-07-04 08:33:10,15.5,978.86
2026-07-04 08:38:10,15.57,978.75
2026-07-04 08:43:10,15.71,978.7
2026-07-04 08:48:10,15.93,978.65
2026-07-04 08:53:10,16.65,978.74
2026-07-04 08:58:10,15.87,978.81
2026-07-04 09:03:10,15.52,978.8
2026-07-04 09:08:10,16.05,978.68
2026-07-04 09:13:10,16.44,978.72
2026-07-04 09:18:10,17.21,978.71
2026-07-04 09:23:10,17.09,978.75
2026-07-04 09:28:10,16.16,978.7
2026-07-04 09:33:10,16.03,978.86
2026-07-04 09:38:10,15.93,978.77
2026-07-04 09:43:10,17.18,978.69
2026-07-04 09:48:10,16.98,978.69
2026-07-04 09:53:10,16.78,978.83
2026-07-04 09:58:10,16.2,978.65
2026-07-04 10:03:10,16.21,978.78
2026-07-04 10:08:10,17.45,978.71
2026-07-04 10:13:10,17.68,978.69
2026-07-04 10:18:10,16.67,978.66
2026-07-04 10:23:10,16.97,978.64
2026-07-04 10:28:10,17.68,978.59
2026-07-04 10:33:10,17.88,978.55
2026-07-04 10:38:10,17.33,978.72
2026-07-04 10:43:10,18.22,978.61
2026-07-04 10:48:10,18.92,978.64
2026-07-04 10:53:10,19.14,978.63
2026-07-04 10:58:10,19.51,978.78
2026-07-04 11:03:10,19.81,978.61
2026-07-04 11:08:10,18.4,978.61
2026-07-04 11:13:10,18.34,978.63
2026-07-04 11:18:10,18.65,978.65
2026-07-04 11:23:10,18.53,978.6
2026-07-04 11:28:10,18.51,978.6
2026-07-04 11:33:10,18.86,978.63
2026-07-04 11:38:10,17.34,978.75
2026-07-04 11:43:10,18.73,978.54
2026-07-04 11:48:10,17.87,978.58
2026-07-04 11:53:10,19.15,978.51
2026-07-04 11:58:10,17.7,978.69
2026-07-04 12:03:10,18.72,978.49
2026-07-04 12:08:10,17.41,978.49
2026-07-04 12:13:10,17.36,978.51
2026-07-04 12:18:10,18.47,978.4
2026-07-04 12:23:10,18.63,978.39
2026-07-04 12:28:10,18.81,978.4
2026-07-04 12:33:10,18.18,978.34
2026-07-04 12:38:10,18.03,978.31
2026-07-04 12:43:10,19.62,978.28
2026-07-04 12:48:10,18.41,978.28
2026-07-04 12:53:10,18.59,978.3
2026-07-04 12:58:10,19.74,978.1
2026-07-04 13:03:10,19.75,978.15
2026-07-04 13:08:10,19.35,978.19
2026-07-04 13:13:10,18.63,978.1
2026-07-04 13:18:10,17.77,978.02
2026-07-04 13:23:10,18.13,977.98
2026-07-04 13:28:10,18.02,978.0
2026-07-04 13:33:10,18.36,977.95
2026-07-04 13:38:10,19.01,978.0
2026-07-04 13:43:10,19.4,977.9
2026-07-04 13:48:10,20.72,977.89
2026-07-04 13:53:10,21.02,977.81
2026-07-04 13:58:10,19.49,977.85
2026-07-04 14:03:10,18.38,977.87
2026-07-04 14:08:10,18.76,977.85
2026-07-04 14:13:10,19.2,977.76
2026-07-04 14:18:10,20.51,977.8
2026-07-04 14:23:10,20.3,977.69
2026-07-04 14:28:10,20.65,977.69
2026-07-04 14:33:10,20.62,977.72
2026-07-04 14:38:10,18.64,977.7
2026-07-04 14:43:10,18.95,977.68
2026-07-04 14:48:10,19.64,977.66
2026-07-04 14:53:10,20.83,977.46
2026-07-04 14:58:10,20.43,977.61
2026-07-04 15:03:10,19.64,977.61
2026-07-04 15:08:10,19.68,977.61
2026-07-04 15:13:10,19.89,977.48
2026-07-04 15:18:10,19.92,977.32
2026-07-04 15:23:10,20.45,977.5
2026-07-04 15:28:10,20.28,977.39
2026-07-04 15:33:10,20.19,977.37
2026-07-04 15:38:10,19.7,977.34
2026-07-04 15:43:10,20.6,977.26
2026-07-04 15:48:10,20.82,977.37
2026-07-04 15:53:10,21.14,977.29
2026-07-04 15:58:10,21.51,977.23
2026-07-04 16:03:10,19.56,977.27
2026-07-04 16:08:10,19.75,977.23
2026-07-04 16:13:10,19.86,977.18
2026-07-04 16:18:10,20.9,977.11
2026-07-04 16:23:10,21.49,977.09
2026-07-04 16:28:10,20.64,977.08
2026-07-04 16:33:10,20.68,977.14
2026-07-04 16:38:10,21.56,976.98
2026-07-04 16:43:10,19.9,977.04
2026-07-04 16:48:10,19.65,977.04
2026-07-04 16:53:10,19.93,976.92
2026-07-04 16:58:10,20.19,976.83
2026-07-04 17:03:10,21.08,976.77
2026-07-04 17:08:10,21.38,976.73
2026-07-04 17:13:10,21.21,976.7
2026-07-04 17:18:10,20.56,976.75
2026-07-04 17:23:10,20.33,976.67
2026-07-04 17:28:10,20.35,976.68
2026-07-04 17:33:10,19.74,976.64
2026-07-04 17:38:10,19.76,976.52
2026-07-04 17:43:10,19.67,976.56
2026-07-04 17:48:10,19.26,976.56
2026-07-04 17:53:10,19.18,976.56
2026-07-04 17:58:10,19.39,976.47
2026-07-04 18:03:10,19.88,976.44
2026-07-04 18:08:10,19.71,976.46
2026-07-04 18:13:10,20.03,976.37
2026-07-04 18:18:10,19.67,976.37
2026-07-04 18:23:10,19.87,976.39
2026-07-04 18:28:10,19.94,976.42
2026-07-04 18:33:10,19.54,976.36
2026-07-04 18:38:10,19.66,976.35
2026-07-04 18:43:10,19.38,976.17
2026-07-04 18:48:10,18.94,976.22
2026-07-04 18:53:10,19.09,976.18
2026-07-04 18:58:10,19.19,976.24
2026-07-04 19:03:10,19.23,976.22
2026-07-04 19:08:10,19.26,976.2
2026-07-04 19:13:10,19.16,976.17
2026-07-04 19:18:10,18.79,976.14
2026-07-04 19:23:10,18.76,976.14
2026-07-04 19:28:10,18.57,976.18
2026-07-04 19:33:10,18.62,976.15
2026-07-04 19:38:10,18.39,976.2
2026-07-04 19:43:10,18.4,976.19
2026-07-04 19:48:10,18.29,976.29
2026-07-04 19:53:10,18.22,976.18
2026-07-04 19:58:10,17.98,976.14
2026-07-04 20:03:10,17.78,976.12
2026-07-04 20:08:10,17.57,976.08
2026-07-04 20:13:10,17.56,976.08
2026-07-04 20:18:10,17.62,976.06
2026-07-04 20:23:10,17.47,976.02
2026-07-04 20:28:10,17.34,976.07
2026-07-04 20:33:10,17.27,976.02
2026-07-04 20:38:10,17.23,976.02
2026-07-04 20:43:10,17.06,976.08
2026-07-04 20:48:10,17.04,976.14
2026-07-04 20:53:10,17.25,976.17
2026-07-04 20:58:10,17.13,976.23
2026-07-04 21:03:10,16.85,976.27
2026-07-04 21:08:10,16.79,976.34
2026-07-04 21:13:10,16.89,976.39
2026-07-04 21:18:10,16.8,976.4
2026-07-04 21:23:10,16.76,976.47
2026-07-04 21:28:10,16.83,976.44
2026-07-04 21:33:10,16.77,976.51
2026-07-04 21:38:10,16.59,976.53
2026-07-04 21:43:10,16.66,976.56
2026-07-04 21:48:10,16.64,976.6
2026-07-04 21:53:10,16.33,976.67
2026-07-04 21:58:10,16.1,976.67
2026-07-04 22:03:10,15.97,976.7
2026-07-04 22:08:10,15.78,976.71
2026-07-04 22:13:10,15.58,976.79
2026-07-04 22:18:10,15.47,976.84
2026-07-04 22:23:10,15.42,976.83
2026-07-04 22:28:10,15.37,976.88
2026-07-04 22:33:10,15.25,976.87
2026-07-04 22:38:10,15.12,976.86
2026-07-04 22:43:10,15.03,976.91
2026-07-04 22:48:10,14.94,976.94
2026-07-04 22:53:10,14.77,976.95
2026-07-04 22:58:10,14.64,976.97
2026-07-04 23:03:10,14.4,977.03
2026-07-04 23:08:10,14.14,977.04
2026-07-04 23:13:10,13.99,977.04
2026-07-04 23:18:10,13.88,976.99
2026-07-04 23:23:10,13.76,977.0
2026-07-04 23:28:10,13.77,976.95
2026-07-04 23:33:10,13.85,976.94
2026-07-04 23:38:10,13.75,976.97
2026-07-04 23:43:10,13.6,977.01
2026-07-04 23:48:10,13.44,976.96
2026-07-04 23:53:10,13.31,977.05
2026-07-04 23:58:10,13.29,977.04
2026-07-05 00:03:10,13.12,976.94
2026-07-05 00:08:10,13.05,976.89
2026-07-05 00:13:10,12.93,976.85
2026-07-05 00:18:10,12.92,976.86
2026-07-05 00:23:10,12.9,976.78
2026-07-05 00:28:10,12.76,976.76
2026-07-05 00:33:10,12.7,976.68
2026-07-05 00:38:10,12.69,976.61
2026-07-05 00:43:10,12.68,976.61
2026-07-05 00:48:10,12.65,976.54
2026-07-05 00:53:10,12.62,976.52
2026-07-05 00:58:10,12.54,976.48
2026-07-05 01:03:10,12.59,976.39
2026-07-05 01:08:10,12.58,976.39
2026-07-05 01:13:10,12.63,976.41
2026-07-05 01:18:10,12.64,976.33
2026-07-05 01:23:10,12.61,976.32
2026-07-05 01:28:10,12.52,976.2
2026-07-05 01:33:10,12.53,976.2
2026-07-05 01:38:10,12.48,976.13
2026-07-05 01:43:10,12.45,976.14
2026-07-05 01:48:10,12.47,976.07
2026-07-05 01:53:10,12.43,976.04
2026-07-05 01:58:10,12.43,976.04
2026-07-05 02:03:10,12.54,976.0
2026-07-05 02:08:10,12.58,975.95
2026-07-05 02:13:10,12.72,975.95
2026-07-05 02:18:10,12.8,975.89
2026-07-05 02:23:10,12.79,975.88
2026-07-05 02:28:10,12.85,975.85
2026-07-05 02:33:10,12.92,975.79
2026-07-05 02:38:10,12.96,975.72
2026-07-05 02:43:10,13.01,975.72
2026-07-05 02:48:10,13.07,975.66
2026-07-05 02:53:10,13.08,975.62
2026-07-05 02:58:10,13.06,975.51
2026-07-05 03:03:10,13.13,975.52
2026-07-05 03:08:10,13.16,975.45
2026-07-05 03:13:10,13.2,975.49
2026-07-05 03:18:10,13.22,975.43
2026-07-05 03:23:10,13.27,975.35
2026-07-05 03:28:10,13.23,975.36
2026-07-05 03:33:10,13.19,975.27
2026-07-05 03:38:10,13.22,975.15
2026-07-05 03:43:10,13.23,975.2
2026-07-05 03:48:10,13.24,975.2
2026-07-05 03:53:10,13.17,975.11
2026-07-05 03:58:10,13.15,975.05
2026-07-05 04:03:10,13.17,975.09
2026-07-05 04:08:10,13.15,974.95
2026-07-05 04:13:10,13.23,974.92
2026-07-05 04:18:10,13.27,974.76
2026-07-05 04:23:10,13.24,974.61
2026-07-05 04:28:10,13.15,974.55
2026-07-05 04:33:10,13.15,974.51
2026-07-05 04:38:10,13.22,974.47
2026-07-05 04:43:10,13.26,974.53
2026-07-05 04:48:10,13.33,974.38
2026-07-05 04:53:10,13.39,974.18
2026-07-05 04:58:10,13.25,974.2
2026-07-05 05:03:10,13.36,974.1
2026-07-05 05:08:10,13.31,974.1
2026-07-05 05:13:10,13.34,974.07
2026-07-05 05:18:10,13.53,974.08
2026-07-05 05:23:10,13.55,974.1
2026-07-05 05:28:10,13.68,974.14
2026-07-05 05:33:10,13.67,974.12
2026-07-05 05:38:10,13.76,974.11
2026-07-05 05:43:10,13.66,974.07
2026-07-05 05:48:10,13.61,974.06
2026-07-05 05:53:10,13.53,974.06
2026-07-05 05:58:10,13.59,974.08
2026-07-05 06:03:10,13.42,974.07
2026-07-05 06:08:10,13.27,974.11
2026-07-05 06:13:10,13.35,974.06
2026-07-05 06:18:10,13.34,974.04
2026-07-05 06:23:10,13.56,974.08
2026-07-05 06:28:10,13.75,974.04
2026-07-05 06:33:10,13.84,973.99
2026-07-05 06:38:10,13.89,973.96
2026-07-05 06:43:10,13.84,973.93
2026-07-05 06:48:10,13.85,973.97
2026-07-05 06:53:10,13.96,973.87
2026-07-05 06:58:10,14.11,973.83
2026-07-05 07:03:10,14.16,973.76
2026-07-05 07:08:10,14.15,973.81
2026-07-05 07:13:10,14.15,973.77
2026-07-05 07:18:10,14.25,973.72
2026-07-05 07:23:10,14.37,973.7
2026-07-05 07:28:10,14.58,973.7
2026-07-05 07:33:10,14.59,973.69
2026-07-05 07:38:10,14.75,973.7
2026-07-05 07:43:10,14.74,973.77
2026-07-05 07:48:10,15.04,973.73
2026-07-05 07:53:10,15.57,973.73
2026-07-05 07:58:10,15.72,973.75
2026-07-05 08:03:10,15.8,973.72
2026-07-05 08:08:10,16.52,973.65
2026-07-05 08:13:10,16.82,973.72
2026-07-05 08:18:10,17.41,973.71
2026-07-05 08:23:10,17.75,973.75
2026-07-05 08:28:10,17.75,973.75
2026-07-05 08:33:10,17.5,973.85
2026-07-05 08:38:10,17.17,973.84
2026-07-05 08:43:10,17.02,973.83
2026-07-05 08:48:10,17.04,973.75
2026-07-05 08:53:10,17.05,973.8
2026-07-05 08:58:10,17.07,973.79
2026-07-05 09:03:10,16.71,973.81
2026-07-05 09:08:10,17.15,973.81
2026-07-05 09:13:10,17.84,973.85
2026-07-05 09:18:10,18.4,973.78
2026-07-05 09:23:10,18.55,973.78
2026-07-05 09:28:10,18.57,973.72
2026-07-05 09:33:10,18.56,973.7
2026-07-05 09:38:10,18.41,973.68
2026-07-05 09:43:10,18.35,973.65
2026-07-05 09:48:10,18.22,973.55
2026-07-05 09:53:10,18.59,973.53
2026-07-05 09:58:10,18.34,973.44
2026-07-05 10:03:10,18.0,973.48
2026-07-05 10:08:10,18.59,973.44
2026-07-05 10:13:10,18.15,973.37
2026-07-05 10:18:10,18.1,973.37
2026-07-05 10:23:10,17.97,973.36
2026-07-05 10:28:10,18.37,973.3
2026-07-05 10:33:10,18.53,973.26
2026-07-05 10:38:10,18.89,973.18
2026-07-05 10:43:10,18.4,973.22
2026-07-05 10:48:10,18.06,973.26
2026-07-05 10:53:10,17.87,973.24
2026-07-05 10:58:10,17.5,973.23
2026-07-05 11:03:10,17.48,973.24
2026-07-05 11:08:10,17.48,973.24
2026-07-05 11:13:10,16.95,973.33
2026-07-05 11:18:10,16.58,973.4
2026-07-05 11:23:10,16.39,973.47
2026-07-05 11:28:10,16.31,973.46
2026-07-05 11:33:10,16.16,973.55
2026-07-05 11:38:10,15.62,973.62
2026-07-05 11:43:10,15.31,973.65
2026-07-05 11:48:10,15.39,973.69
2026-07-05 11:53:10,16.04,973.66
2026-07-05 11:58:10,16.2,973.65
2026-07-05 12:03:10,15.86,973.77
2026-07-05 12:08:10,16.25,973.75
2026-07-05 12:13:10,16.97,973.63
2026-07-05 12:18:10,17.28,973.56
2026-07-05 12:23:10,17.38,973.63
2026-07-05 12:28:10,17.79,973.56
2026-07-05 12:33:10,17.92,973.59
2026-07-05 12:38:10,17.75,973.57
2026-07-05 12:43:10,17.43,973.57
2026-07-05 12:48:10,17.36,973.54
2026-07-05 12:53:10,17.46,973.38
2026-07-05 12:58:10,17.5,973.48
2026-07-05 13:03:10,17.44,973.47
2026-07-05 13:08:10,17.59,973.36
2026-07-05 13:13:10,17.87,973.32
2026-07-05 13:18:10,18.29,973.26
2026-07-05 13:23:10,19.11,973.17
2026-07-05 13:28:10,19.07,973.16
2026-07-05 13:33:10,18.49,973.21
2026-07-05 13:38:10,18.78,973.11
2026-07-05 13:43:10,19.14,972.96
2026-07-05 13:48:10,20.01,972.88
2026-07-05 13:53:10,19.98,972.87
2026-07-05 13:58:10,20.45,972.8
2026-07-05 14:03:10,21.2,972.77
2026-07-05 14:08:10,21.43,972.71
2026-07-05 14:13:10,21.85,972.67
2026-07-05 14:18:10,21.13,972.68
2026-07-05 14:23:10,21.89,972.56
2026-07-05 14:28:10,21.81,972.54
2026-07-05 14:33:10,20.74,972.49
2026-07-05 14:38:10,19.89,972.53
2026-07-05 14:43:10,20.05,972.51
2026-07-05 14:48:10,21.95,972.43
2026-07-05 14:53:10,21.78,972.32
2026-07-05 14:58:10,22.66,972.35
2026-07-05 15:03:10,22.3,972.31
2026-07-05 15:08:10,21.11,972.28
2026-07-05 15:13:10,20.92,972.12
2026-07-05 15:18:10,20.04,972.13
2026-07-05 15:23:10,19.83,972.07
2026-07-05 15:28:10,19.97,971.99
2026-07-05 15:33:10,20.06,972.02
2026-07-05 15:38:10,19.81,972.21
2026-07-05 15:43:10,19.95,972.32
2026-07-05 15:48:10,19.77,972.37
2026-07-05 15:53:10,19.26,972.36
2026-07-05 15:58:10,19.52,972.24
2026-07-05 16:03:10,19.65,972.22
2026-07-05 16:08:10,19.8,972.23
2026-07-05 16:13:10,20.23,972.11
2026-07-05 16:18:10,20.35,972.21
2026-07-05 16:23:10,20.97,972.07
2026-07-05 16:28:10,20.55,971.92
2026-07-05 16:33:10,20.38,971.96
2026-07-05 16:38:10,20.17,972.01
2026-07-05 16:43:11,19.94,971.88
2026-07-05 16:48:11,19.47,971.88
2026-07-05 16:53:11,20.71,971.93
2026-07-05 16:58:11,21.09,971.78
2026-07-05 17:03:11,20.03,971.87
2026-07-05 17:08:11,19.42,971.88
2026-07-05 17:13:11,19.02,971.73
2026-07-05 17:18:11,18.69,971.72
2026-07-05 17:23:11,18.25,971.82
2026-07-05 17:28:11,17.87,972.03
2026-07-05 17:33:11,17.25,972.16
2026-07-05 17:38:11,16.98,972.15
2026-07-05 17:43:11,17.08,972.01
2026-07-05 17:48:11,17.38,971.94
2026-07-05 17:53:11,17.28,972.11
2026-07-05 17:58:11,16.88,972.26
2026-07-05 18:03:11,16.68,972.37
2026-07-05 18:08:11,16.55,972.39
2026-07-05 18:13:11,16.93,972.25
2026-07-05 18:18:11,17.63,972.24
2026-07-05 18:23:11,17.74,972.24
2026-07-05 18:28:11,17.87,972.26
2026-07-05 18:33:11,17.4,972.07
2026-07-05 18:38:11,17.25,972.1
2026-07-05 18:43:11,17.01,972.21
2026-07-05 18:48:11,16.99,972.2
2026-07-05 18:53:11,16.82,972.15
2026-07-05 18:58:11,16.64,972.21
2026-07-05 19:03:11,16.6,972.28
2026-07-05 19:08:11,16.6,972.16
2026-07-05 19:13:11,16.6,972.25
2026-07-05 19:18:11,16.44,972.29
2026-07-05 19:23:11,16.26,972.3
2026-07-05 19:28:11,16.03,972.24
2026-07-05 19:33:11,16.01,972.19
2026-07-05 19:38:11,15.95,972.11
2026-07-05 19:43:11,15.97,972.18
2026-07-05 19:48:11,15.73,972.25
2026-07-05 19:53:11,15.64,972.36
2026-07-05 19:58:11,15.54,972.38
2026-07-05 20:03:11,15.43,972.33
2026-07-05 20:08:11,15.41,972.38
2026-07-05 20:13:11,15.29,972.38
2026-07-05 20:18:11,15.26,972.35
2026-07-05 20:23:11,15.13,972.33
2026-07-05 20:28:11,15.17,972.39
2026-07-05 20:33:11,15.15,972.35
2026-07-05 20:38:11,15.15,972.44
2026-07-05 20:43:11,15.07,972.41
2026-07-05 20:48:11,14.88,972.54
2026-07-05 20:53:11,14.7,972.54
2026-07-05 20:58:11,14.55,972.61
2026-07-05 21:03:11,14.56,972.66
2026-07-05 21:08:11,14.45,972.57
2026-07-05 21:13:11,14.59,972.68
2026-07-05 21:18:11,14.68,972.65
2026-07-05 21:23:11,14.75,972.66
2026-07-05 21:28:11,14.75,972.74
2026-07-05 21:33:11,14.67,972.78
2026-07-05 21:38:11,14.48,972.76
2026-07-05 21:43:11,14.3,972.77
2026-07-05 21:48:11,14.22,972.79
2026-07-05 21:53:11,14.18,972.81
2026-07-05 21:58:11,14.31,972.84
2026-07-05 22:03:11,14.46,972.88
2026-07-05 22:08:11,14.49,972.93
2026-07-05 22:13:11,14.37,973.0
2026-07-05 22:18:11,14.13,973.05
2026-07-05 22:23:11,13.93,973.13
2026-07-05 22:28:11,13.79,973.05
2026-07-05 22:33:11,13.72,973.14
2026-07-05 22:38:11,13.6,973.15
2026-07-05 22:43:11,13.52,973.06
2026-07-05 22:48:11,13.43,973.1
2026-07-05 22:53:11,13.4,973.11
2026-07-05 22:58:11,13.34,973.15
2026-07-05 23:03:11,13.29,973.17
2026-07-05 23:08:11,13.23,973.19
2026-07-05 23:13:11,13.15,973.17
2026-07-05 23:18:11,13.05,973.15
2026-07-05 23:23:11,13.0,973.2
2026-07-05 23:28:11,12.96,973.18
2026-07-05 23:33:11,12.97,973.25
2026-07-05 23:38:11,12.96,973.26
2026-07-05 23:43:11,13.03,973.26
2026-07-05 23:48:11,13.03,973.25
2026-07-05 23:53:11,13.03,973.28
2026-07-05 23:58:11,13.04,973.28
2026-07-06 00:03:11,13.04,973.29
2026-07-06 00:08:11,13.06,973.32
2026-07-06 00:13:11,13.13,973.35
2026-07-06 00:18:11,13.14,973.41
2026-07-06 00:23:11,13.2,973.48
2026-07-06 00:28:11,13.3,973.46
2026-07-06 00:33:11,13.26,973.47
2026-07-06 00:38:11,13.17,973.45
2026-07-06 00:43:11,13.07,973.49
2026-07-06 00:48:11,13.07,973.52
2026-07-06 00:53:11,13.08,973.45
2026-07-06 00:58:11,13.14,973.43
2026-07-06 01:03:11,13.18,973.47
2026-07-06 01:08:11,13.25,973.47
2026-07-06 01:13:11,13.31,973.49
2026-07-06 01:18:11,13.36,973.48
2026-07-06 01:23:11,13.43,973.42
2026-07-06 01:28:11,13.45,973.46
2026-07-06 01:33:11,13.44,973.5
2026-07-06 01:38:11,13.35,973.59
2026-07-06 01:43:11,13.29,973.53
2026-07-06 01:48:11,13.32,973.59
2026-07-06 01:53:11,13.36,973.59
2026-07-06 01:58:11,13.44,973.6
2026-07-06 02:03:11,13.51,973.54
2026-07-06 02:08:11,13.51,973.47
2026-07-06 02:13:11,13.73,973.46
2026-07-06 02:18:11,13.63,973.5
2026-07-06 02:23:11,13.7,973.48
2026-07-06 02:28:11,13.6,973.52
2026-07-06 02:33:11,13.45,973.49
2026-07-06 02:38:11,13.28,973.45
2026-07-06 02:43:11,13.02,973.46
2026-07-06 02:48:11,12.87,973.48
2026-07-06 02:53:11,12.74,973.53
2026-07-06 02:58:11,12.78,973.53
2026-07-06 03:03:11,13.12,973.55
2026-07-06 03:08:11,13.05,973.54
2026-07-06 03:13:11,12.84,973.48
2026-07-06 03:18:11,12.75,973.45
2026-07-06 03:23:11,12.68,973.4
2026-07-06 03:28:11,12.88,973.38
2026-07-06 03:33:11,12.85,973.31
2026-07-06 03:38:11,12.76,973.39
2026-07-06 03:43:11,12.53,973.41
2026-07-06 03:48:11,12.57,973.37
2026-07-06 03:53:11,12.72,973.43
2026-07-06 03:58:11,12.82,973.36
2026-07-06 04:03:11,12.9,973.34
2026-07-06 04:08:11,12.98,973.4
2026-07-06 04:13:11,13.06,973.34
2026-07-06 04:18:11,13.09,973.33
2026-07-06 04:23:11,13.05,973.35
2026-07-06 04:28:11,13.11,973.33
2026-07-06 04:33:11,13.08,973.3
2026-07-06 04:38:11,13.08,973.32
2026-07-06 04:43:11,13.1,973.32
2026-07-06 04:48:11,13.14,973.38
2026-07-06 04:53:11,13.1,973.34
2026-07-06 04:58:11,13.11,973.4
2026-07-06 05:03:11,13.15,973.36
2026-07-06 05:08:11,13.25,973.44
2026-07-06 05:13:11,13.25,973.47
2026-07-06 05:18:11,13.3,973.46
2026-07-06 05:23:11,13.34,973.51
2026-07-06 05:28:11,13.4,973.51
2026-07-06 05:33:11,13.48,973.49
2026-07-06 05:38:11,13.57,973.52
2026-07-06 05:43:11,13.72,973.49
2026-07-06 05:48:11,13.85,973.46
2026-07-06 05:53:11,14.04,973.53
2026-07-06 05:58:11,14.11,973.54
2026-07-06 06:03:11,14.19,973.6
2026-07-06 06:08:11,14.23,973.7
2026-07-06 06:13:11,14.33,973.69
2026-07-06 06:18:11,14.36,973.67
2026-07-06 06:23:11,14.73,973.67
2026-07-06 06:28:11,15.1,973.58
2026-07-06 06:33:11,15.69,973.61
2026-07-06 06:38:11,15.83,973.68
2026-07-06 06:43:11,15.72,973.69
2026-07-06 06:48:11,15.54,973.72
2026-07-06 06:53:11,15.29,973.78
2026-07-06 06:58:11,15.12,973.8
2026-07-06 07:03:11,15.04,973.78
2026-07-06 07:08:11,14.96,973.83
2026-07-06 07:13:11,15.04,973.88
2026-07-06 07:18:11,14.99,974.0
2026-07-06 07:23:11,15.02,974.0
2026-07-06 07:28:11,15.0,974.0
2026-07-06 07:33:11,14.92,974.14
2026-07-06 07:38:11,14.83,974.21
2026-07-06 07:43:11,14.81,974.24
2026-07-06 07:48:11,14.85,974.23
2026-07-06 07:53:11,15.23,974.25
2026-07-06 07:58:11,15.75,974.24
2026-07-06 08:03:11,16.34,974.2
2026-07-06 08:08:11,16.26,974.28
2026-07-06 08:13:11,16.17,974.32
2026-07-06 08:18:11,16.26,974.25
2026-07-06 08:23:11,16.54,974.21
2026-07-06 08:28:11,16.75,974.24
2026-07-06 08:33:11,17.11,974.3
2026-07-06 08:38:11,17.45,974.33
2026-07-06 08:43:11,17.77,974.3
2026-07-06 08:48:11,18.36,974.38
2026-07-06 08:53:11,18.43,974.39
2026-07-06 08:58:11,18.48,974.37
2026-07-06 09:03:11,18.22,974.4
2026-07-06 09:08:11,17.86,974.42
2026-07-06 09:13:11,17.92,974.5
2026-07-06 09:18:11,18.38,974.49
2026-07-06 09:23:11,18.4,974.53
2026-07-06 09:28:11,19.03,974.48
2026-07-06 09:33:11,19.17,974.43
2026-07-06 09:38:11,19.19,974.5
2026-07-06 09:43:11,19.44,974.49
2026-07-06 09:48:11,19.84,974.51
2026-07-06 09:53:11,20.53,974.5
2026-07-06 09:58:11,19.68,974.53
2026-07-06 10:03:11,19.71,974.49
2026-07-06 10:08:11,20.25,974.44
2026-07-06 10:13:11,20.73,974.43
2026-07-06 10:18:11,21.22,974.36
2026-07-06 10:23:11,21.29,974.33
2026-07-06 10:28:11,20.64,974.42
2026-07-06 10:33:11,21.13,974.37
2026-07-06 10:38:11,20.56,974.39
2026-07-06 10:43:11,20.72,974.32
2026-07-06 10:48:11,20.04,974.27
2026-07-06 10:53:11,19.62,974.35
2026-07-06 10:58:11,19.24,974.37
2026-07-06 11:03:11,19.93,974.36
2026-07-06 11:08:11,20.19,974.35
2026-07-06 11:13:11,21.36,974.28
2026-07-06 11:18:11,20.28,974.37
2026-07-06 11:23:11,21.75,974.36
2026-07-06 11:28:11,21.94,974.32
2026-07-06 11:33:11,21.73,974.32
2026-07-06 11:38:11,22.17,974.31
2026-07-06 11:43:11,20.29,974.28
2026-07-06 11:48:11,21.37,974.25
2026-07-06 11:53:11,21.52,974.27
2026-07-06 11:58:11,22.02,974.17
2026-07-06 12:03:11,22.76,974.18
2026-07-06 12:08:11,22.11,974.19
2026-07-06 12:13:11,22.78,974.08
2026-07-06 12:18:11,21.24,974.1
2026-07-06 12:23:11,20.78,974.01
2026-07-06 12:28:11,21.7,973.98
2026-07-06 12:33:11,20.78,974.03
2026-07-06 12:38:11,21.22,974.02
2026-07-06 12:43:11,21.35,974.06
2026-07-06 12:48:11,21.14,974.0
2026-07-06 12:53:11,20.82,973.97
2026-07-06 12:58:11,20.98,973.92
2026-07-06 13:03:11,21.09,973.98
2026-07-06 13:08:11,21.08,973.97
2026-07-06 13:13:11,20.85,973.97
2026-07-06 13:18:11,20.85,973.98
2026-07-06 13:23:11,20.73,974.06
2026-07-06 13:28:11,20.79,974.09
2026-07-06 13:33:11,21.15,974.01
2026-07-06 13:38:11,21.46,973.97
2026-07-06 13:43:11,21.94,973.93
2026-07-06 13:48:11,22.31,973.84
2026-07-06 13:53:11,22.63,973.76
2026-07-06 13:58:11,22.84,973.74
2026-07-06 14:03:11,22.9,973.71
2026-07-06 14:08:11,22.82,973.73
2026-07-06 14:13:11,22.88,973.65
2026-07-06 14:18:11,23.72,973.59
2026-07-06 14:23:11,23.54,973.53
2026-07-06 14:28:11,23.25,973.5
2026-07-06 14:33:11,23.18,973.44
2026-07-06 14:38:11,22.46,973.35
2026-07-06 14:43:11,22.5,973.24
2026-07-06 14:48:11,22.79,973.24
2026-07-06 14:53:11,23.09,973.13
2026-07-06 14:58:11,22.6,973.12
2026-07-06 15:03:11,23.42,973.03
2026-07-06 15:08:11,23.71,972.99
2026-07-06 15:13:11,23.34,973.01
2026-07-06 15:18:11,23.53,972.97
2026-07-06 15:23:11,23.6,972.99
2026-07-06 15:28:11,23.81,972.87
2026-07-06 15:33:11,23.27,972.86
2026-07-06 15:38:11,23.08,972.86
2026-07-06 15:43:11,22.35,972.88
2026-07-06 15:48:11,22.34,972.9
2026-07-06 15:53:11,22.21,972.95
2026-07-06 15:58:11,22.21,972.96
2026-07-06 16:03:11,22.18,972.9
2026-07-06 16:08:11,21.63,972.89
2026-07-06 16:13:11,21.19,972.9
2026-07-06 16:18:11,20.61,973.03
2026-07-06 16:23:11,20.0,973.25
2026-07-06 16:28:11,19.22,973.47
2026-07-06 16:33:11,18.34,973.43
2026-07-06 16:38:11,17.93,973.52
2026-07-06 16:43:11,17.71,973.3
2026-07-06 16:48:11,17.81,973.06
2026-07-06 16:53:11,17.86,973.05
2026-07-06 16:58:11,17.99,973.04
2026-07-06 17:03:11,18.27,973.01
2026-07-06 17:08:11,18.33,972.96
2026-07-06 17:13:11,18.34,973.02
2026-07-06 17:18:11,18.5,973.02
2026-07-06 17:23:11,18.49,973.02
2026-07-06 17:28:11,18.59,973.07
2026-07-06 17:33:11,18.56,973.07
2026-07-06 17:38:11,18.75,973.01
2026-07-06 17:43:11,18.93,973.05
2026-07-06 17:48:11,18.72,972.98
2026-07-06 17:53:11,18.82,973.0
2026-07-06 17:58:11,18.93,972.93
2026-07-06 18:03:11,19.18,972.87
2026-07-06 18:08:11,19.4,972.9
2026-07-06 18:13:11,19.72,972.85
2026-07-06 18:18:11,19.87,972.77
2026-07-06 18:23:11,19.97,972.78
2026-07-06 18:28:11,19.99,972.73
2026-07-06 18:33:11,20.16,972.77
2026-07-06 18:38:11,19.94,972.76
2026-07-06 18:43:11,19.97,972.8
2026-07-06 18:48:11,19.85,972.7
2026-07-06 18:53:11,19.85,972.65
2026-07-06 18:58:11,19.63,972.65
2026-07-06 19:03:11,19.38,972.59
2026-07-06 19:08:11,19.05,972.57
2026-07-06 19:13:11,18.62,972.65
2026-07-06 19:18:11,18.33,972.64
2026-07-06 19:23:11,18.18,972.59
2026-07-06 19:28:11,18.23,972.62
2026-07-06 19:33:11,18.4,972.6
2026-07-06 19:38:11,18.39,972.68
2026-07-06 19:43:11,18.27,972.6
2026-07-06 19:48:11,17.96,972.57
2026-07-06 19:53:11,17.61,972.51
2026-07-06 19:58:11,17.45,972.45
2026-07-06 20:03:11,17.28,972.41
2026-07-06 20:08:11,17.0,972.44
2026-07-06 20:13:11,16.86,972.44
2026-07-06 20:18:11,16.81,972.45
2026-07-06 20:23:11,16.78,972.48
2026-07-06 20:28:11,16.66,972.48
2026-07-06 20:33:11,16.47,972.43
2026-07-06 20:38:11,16.38,972.41
2026-07-06 20:43:11,16.35,972.42
2026-07-06 20:48:11,16.35,972.42
2026-07-06 20:53:11,16.35,972.39
2026-07-06 20:58:11,16.37,972.4
2026-07-06 21:03:11,16.37,972.34
2026-07-06 21:08:11,16.36,972.22
2026-07-06 21:13:11,16.34,972.27
2026-07-06 21:18:11,16.34,972.22
2026-07-06 21:23:11,16.32,972.27
2026-07-06 21:28:11,16.28,972.26
2026-07-06 21:33:11,16.24,972.25
2026-07-06 21:38:11,16.3,972.2
2026-07-06 21:43:11,16.39,972.32
2026-07-06 21:48:11,16.51,972.29
2026-07-06 21:53:11,16.68,972.3
2026-07-06 21:58:11,16.87,972.26
2026-07-06 22:03:11,16.96,972.22
2026-07-06 22:08:11,16.98,972.25
2026-07-06 22:13:11,16.96,972.32
2026-07-06 22:18:11,16.94,972.32
2026-07-06 22:23:11,16.93,972.35
2026-07-06 22:28:11,16.91,972.32
2026-07-06 22:33:11,16.87,972.34
2026-07-06 22:38:11,16.87,972.28
2026-07-06 22:43:11,16.9,972.3
2026-07-06 22:48:11,16.91,972.31
2026-07-06 22:53:11,16.91,972.31
2026-07-06 22:58:11,16.87,972.26
2026-07-06 23:03:11,16.86,972.22
2026-07-06 23:08:11,16.9,972.34
2026-07-06 23:13:11,16.97,972.29
2026-07-06 23:18:11,17.0,972.28
2026-07-06 23:23:11,17.04,972.3
2026-07-06 23:28:11,17.03,972.25
2026-07-06 23:33:11,17.03,972.2
2026-07-06 23:38:11,17.0,972.14
2026-07-06 23:43:11,16.97,972.15
2026-07-06 23:48:11,16.95,972.18
2026-07-06 23:53:11,16.91,972.23
2026-07-06 23:58:11,16.83,972.21
2026-07-07 00:03:11,16.77,972.16
2026-07-07 00:08:11,16.68,972.06
2026-07-07 00:13:11,16.61,972.02
2026-07-07 00:18:11,16.58,972.0
2026-07-07 00:23:11,16.57,971.98
2026-07-07 00:28:11,16.68,971.94
2026-07-07 00:33:11,16.76,971.96
2026-07-07 00:38:11,16.82,972.05
2026-07-07 00:43:11,16.85,972.24
2026-07-07 00:48:11,16.56,972.42
2026-07-07 00:53:11,16.16,972.36
2026-07-07 00:58:11,15.72,972.16
2026-07-07 01:03:11,15.53,972.2
2026-07-07 01:08:11,15.4,972.11
2026-07-07 01:13:11,15.34,971.95
2026-07-07 01:18:11,15.29,971.88
2026-07-07 01:23:11,15.32,971.83
2026-07-07 01:28:11,15.31,971.73
2026-07-07 01:33:11,15.37,971.69
2026-07-07 01:38:11,15.51,971.59
2026-07-07 01:43:11,15.64,971.56
2026-07-07 01:48:11,15.8,971.55
2026-07-07 01:53:11,16.02,971.45
2026-07-07 01:58:11,16.16,971.44
2026-07-07 02:03:11,16.23,971.4
2026-07-07 02:08:11,16.29,971.37
2026-07-07 02:13:11,16.31,971.38
2026-07-07 02:18:11,16.32,971.23
2026-07-07 02:23:11,16.4,971.27
2026-07-07 02:28:11,16.47,971.26
2026-07-07 02:33:11,16.53,971.24
2026-07-07 02:38:11,16.56,971.33
2026-07-07 02:43:11,16.48,971.33
2026-07-07 02:48:11,16.34,971.15
2026-07-07 02:53:11,16.25,971.15
2026-07-07 02:58:11,16.22,971.18
2026-07-07 03:03:11,16.22,971.17
2026-07-07 03:08:11,16.21,971.26
2026-07-07 03:13:11,16.2,971.16
2026-07-07 03:18:11,16.1,971.08
2026-07-07 03:23:11,16.05,971.01
2026-07-07 03:28:11,16.01,971.0
2026-07-07 03:33:11,16.0,970.89
2026-07-07 03:38:11,16.0,970.89
2026-07-07 03:43:11,16.03,970.94
2026-07-07 03:48:11,16.1,970.88
2026-07-07 03:53:11,16.12,971.0
2026-07-07 03:58:11,16.13,970.95
2026-07-07 04:03:11,16.1,970.93
2026-07-07 04:08:11,16.06,970.89
2026-07-07 04:13:11,15.98,970.83
2026-07-07 04:18:11,15.9,970.82
2026-07-07 04:23:11,15.88,970.72
2026-07-07 04:28:11,15.89,970.71
2026-07-07 04:33:11,15.91,970.75
2026-07-07 04:38:11,15.95,970.8
2026-07-07 04:43:11,15.99,970.84
2026-07-07 04:48:11,16.03,970.93
2026-07-07 04:53:11,16.1,970.98
2026-07-07 04:58:11,16.19,971.01
2026-07-07 05:03:11,16.19,971.07
2026-07-07 05:08:11,16.2,971.13
2026-07-07 05:13:11,16.22,971.11
2026-07-07 05:18:11,16.23,971.13
2026-07-07 05:23:11,16.28,971.1
2026-07-07 05:28:11,16.28,971.16
2026-07-07 05:33:11,16.23,971.09
2026-07-07 05:38:11,16.17,971.08
2026-07-07 05:43:11,16.17,971.12
2026-07-07 05:48:11,16.26,971.11
2026-07-07 05:53:11,16.25,971.17
2026-07-07 05:58:11,16.25,971.15
2026-07-07 06:03:11,16.29,971.09
2026-07-07 06:08:11,16.36,971.02
2026-07-07 06:13:11,16.57,971.09
2026-07-07 06:18:11,16.67,971.13
2026-07-07 06:23:11,16.84,971.02
2026-07-07 06:28:11,16.91,971.08
2026-07-07 06:33:11,16.93,971.08
2026-07-07 06:38:11,16.92,971.12
2026-07-07 06:43:11,16.96,970.99
2026-07-07 06:48:11,17.32,971.0
2026-07-07 06:53:11,18.13,970.93
2026-07-07 06:58:11,18.38,971.01
2026-07-07 07:03:11,18.66,971.12
2026-07-07 07:08:11,18.73,971.12
2026-07-07 07:13:11,19.08,971.01
2026-07-07 07:18:11,19.43,971.05
2026-07-07 07:23:12,19.63,970.96
2026-07-07 07:28:12,19.97,971.04
2026-07-07 07:33:12,20.44,971.1
2026-07-07 07:38:12,20.79,971.13
2026-07-07 07:43:12,20.88,971.15
2026-07-07 07:48:12,21.01,971.15
2026-07-07 07:53:12,21.17,971.16
2026-07-07 07:58:12,21.08,971.23
2026-07-07 08:03:12,21.04,971.27
2026-07-07 08:08:12,21.2,971.23
2026-07-07 08:13:12,21.2,971.32
2026-07-07 08:18:12,21.18,971.24
2026-07-07 08:23:12,21.28,971.21
2026-07-07 08:28:12,21.94,971.21
2026-07-07 08:33:12,22.48,971.11
2026-07-07 08:38:12,22.79,971.17
2026-07-07 08:43:12,22.8,971.18
2026-07-07 08:48:12,22.85,971.03
2026-07-07 08:53:12,22.67,970.94
2026-07-07 08:58:12,22.65,970.93
2026-07-07 09:03:12,22.76,970.91
2026-07-07 09:08:12,23.05,970.98
2026-07-07 09:13:12,23.54,970.93
2026-07-07 09:18:12,23.57,970.89
2026-07-07 09:23:12,23.55,970.91
2026-07-07 09:28:12,23.26,971.01
2026-07-07 09:33:12,23.2,970.94
2026-07-07 09:38:12,23.12,971.0
2026-07-07 09:43:12,23.39,970.9
2026-07-07 09:48:12,24.03,970.92
2026-07-07 09:53:12,24.62,970.87
2026-07-07 09:58:12,24.91,970.72
2026-07-07 10:03:12,24.5,970.7
2026-07-07 10:08:12,25.01,970.76
2026-07-07 10:13:12,25.45,970.73
2026-07-07 10:18:12,24.7,970.66
2026-07-07 10:23:12,25.17,970.59
2026-07-07 10:28:12,25.75,970.47
2026-07-07 10:33:12,25.76,970.53
2026-07-07 10:38:12,25.68,970.43
2026-07-07 10:43:12,24.89,970.3
2026-07-07 10:48:12,25.2,970.3
2026-07-07 10:53:12,25.19,970.17
2026-07-07 10:58:12,25.25,970.2
2026-07-07 11:03:12,25.6,970.27
2026-07-07 11:08:12,25.9,970.2
2026-07-07 11:13:12,25.58,970.27
2026-07-07 11:18:12,25.42,970.18
2026-07-07 11:23:12,26.06,970.23
2026-07-07 11:28:12,26.55,970.0
2026-07-07 11:33:12,26.83,969.99
2026-07-07 11:38:12,26.04,969.96
2026-07-07 11:43:12,26.94,969.9
2026-07-07 11:48:12,27.31,969.81
2026-07-07 11:53:12,26.67,969.72
2026-07-07 11:58:12,26.42,969.78
2026-07-07 12:03:12,26.07,969.8
2026-07-07 12:08:12,25.97,969.7
2026-07-07 12:13:12,25.7,969.69
2026-07-07 12:18:12,26.29,969.58
2026-07-07 12:23:12,26.14,969.57
2026-07-07 12:28:12,26.87,969.52
2026-07-07 12:33:12,26.4,969.34
2026-07-07 12:38:12,25.96,969.42
2026-07-07 12:43:12,25.78,969.32
2026-07-07 12:48:12,25.19,969.3
2026-07-07 12:53:12,24.95,969.17
2026-07-07 12:58:12,25.56,969.14
2026-07-07 13:03:12,25.46,969.1
2026-07-07 13:08:12,25.84,969.0
2026-07-07 13:13:12,26.05,968.99
2026-07-07 13:18:12,25.84,968.89
2026-07-07 13:23:12,26.17,968.8
2026-07-07 13:28:12,26.17,968.77
2026-07-07 13:33:12,26.42,968.65
2026-07-07 13:38:12,26.53,968.53
2026-07-07 13:43:12,26.06,968.51
2026-07-07 13:48:12,26.25,968.46
2026-07-07 13:53:12,26.85,968.35
2026-07-07 13:58:12,27.3,968.24
2026-07-07 14:03:12,27.75,968.28
2026-07-07 14:08:12,27.54,968.34
2026-07-07 14:13:12,27.57,968.42
2026-07-07 14:18:12,26.82,968.44
2026-07-07 14:23:12,25.53,968.64
2026-07-07 14:28:12,24.25,968.8
2026-07-07 14:33:12,23.47,969.11
2026-07-07 14:38:12,23.61,968.94
2026-07-07 14:43:12,24.12,968.68
2026-07-07 14:48:12,23.81,968.62
2026-07-07 14:53:12,23.15,968.41
2026-07-07 14:58:12,23.01,968.58
2026-07-07 15:03:12,22.93,968.58
2026-07-07 15:08:12,22.64,968.64
2026-07-07 15:13:12,22.38,968.57
2026-07-07 15:18:12,21.94,968.54
2026-07-07 15:23:12,21.67,968.43
2026-07-07 15:28:12,21.73,968.3
2026-07-07 15:33:12,21.98,968.26
2026-07-07 15:38:12,22.26,968.22
2026-07-07 15:43:12,22.43,968.18
2026-07-07 15:48:12,22.39,968.1
2026-07-07 15:53:12,22.54,968.09
2026-07-07 15:58:12,22.73,968.09
2026-07-07 16:03:12,22.91,967.97
2026-07-07 16:08:12,23.41,967.88
2026-07-07 16:13:12,23.97,967.8
2026-07-07 16:18:12,24.57,967.72
2026-07-07 16:23:12,24.97,967.55
2026-07-07 16:28:12,24.84,967.47
2026-07-07 16:33:12,24.68,967.39
2026-07-07 16:38:12,24.53,967.39
2026-07-07 16:43:12,23.59,967.39
2026-07-07 16:48:12,23.05,967.39
2026-07-07 16:53:12,22.85,967.36
2026-07-07 16:58:12,22.52,967.43
2026-07-07 17:03:12,22.13,967.99
2026-07-07 17:08:12,21.22,968.7
2026-07-07 17:13:12,19.76,968.76
2026-07-07 17:18:12,18.68,968.94
2026-07-07 17:23:12,18.24,968.73
2026-07-07 17:28:12,18.04,968.73
2026-07-07 17:33:12,17.87,968.68
2026-07-07 17:38:12,18.02,968.41
2026-07-07 17:43:12,18.16,968.39
2026-07-07 17:48:12,18.08,968.36
2026-07-07 17:53:12,18.29,968.02
2026-07-07 17:58:12,18.49,967.89
2026-07-07 18:03:12,18.34,967.75
2026-07-07 18:08:12,18.26,967.9
2026-07-07 18:13:12,18.04,967.93
2026-07-07 18:18:12,17.87,967.96
2026-07-07 18:23:12,17.67,968.08
2026-07-07 18:28:12,17.42,968.01
2026-07-07 18:33:12,17.48,967.89
2026-07-07 18:38:12,17.51,967.99
2026-07-07 18:43:12,17.66,968.11
2026-07-07 18:48:12,17.79,967.89
2026-07-07 18:53:12,17.71,967.48
2026-07-07 18:58:12,17.61,967.62
2026-07-07 19:03:12,17.55,967.54
2026-07-07 19:08:12,17.49,967.42
2026-07-07 19:13:12,17.42,967.37
2026-07-07 19:18:12,17.35,967.4
2026-07-07 19:23:12,17.27,967.39
2026-07-07 19:28:12,17.08,967.1
2026-07-07 19:33:12,16.97,967.22
2026-07-07 19:38:12,16.93,967.25
2026-07-07 19:43:12,16.96,967.17
2026-07-07 19:48:12,17.05,967.17
2026-07-07 19:53:12,17.11,967.08
2026-07-07 19:58:12,17.13,967.08
2026-07-07 20:03:12,17.59,967.07
2026-07-07 20:08:12,17.89,967.03
2026-07-07 20:13:12,17.97,967.02
2026-07-07 20:18:12,17.87,966.99
2026-07-07 20:23:12,17.87,966.91
2026-07-07 20:28:12,17.99,966.97
2026-07-07 20:33:12,17.74,966.84
2026-07-07 20:38:12,17.54,966.94
2026-07-07 20:43:12,17.67,966.82
2026-07-07 20:48:12,17.65,966.73
2026-07-07 20:53:12,17.59,966.74
2026-07-07 20:58:12,17.62,966.63
2026-07-07 21:03:12,17.76,966.63
2026-07-07 21:08:12,17.3,966.53
2026-07-07 21:13:12,17.02,966.48
2026-07-07 21:18:12,17.03,966.45
2026-07-07 21:23:12,17.11,966.38
2026-07-07 21:28:12,17.36,966.48
2026-07-07 21:33:12,17.85,966.46
2026-07-07 21:38:12,18.42,966.55
2026-07-07 21:43:12,18.86,966.55
2026-07-07 21:48:12,19.11,966.53
2026-07-07 21:53:12,19.43,966.57
2026-07-07 21:58:12,19.48,966.51
2026-07-07 22:03:12,19.43,966.58
2026-07-07 22:08:12,19.31,966.62
2026-07-07 22:13:12,19.34,966.62
2026-07-07 22:18:12,19.32,966.6
2026-07-07 22:23:12,19.15,966.43
2026-07-07 22:28:12,18.92,966.18
2026-07-07 22:33:12,18.68,966.18
2026-07-07 22:38:12,18.42,966.12
2026-07-07 22:43:12,18.41,966.29
2026-07-07 22:48:12,18.26,966.44
2026-07-07 22:53:12,18.08,966.36
2026-07-07 22:58:12,18.0,966.29
2026-07-07 23:03:12,17.79,966.44
2026-07-07 23:08:12,17.61,966.44
2026-07-07 23:13:12,17.53,966.48
2026-07-07 23:18:12,17.28,966.56
2026-07-07 23:23:12,17.17,966.54
2026-07-07 23:28:12,17.05,966.51
2026-07-07 23:33:12,17.1,966.57
2026-07-07 23:38:12,17.86,966.53
2026-07-07 23:43:12,17.83,966.59
2026-07-07 23:48:12,17.74,966.75
2026-07-07 23:53:12,17.58,966.89
2026-07-07 23:58:12,17.03,966.94
2026-07-08 00:03:12,16.66,966.84
2026-07-08 00:08:12,16.42,966.91
2026-07-08 00:13:12,16.34,966.82
2026-07-08 00:18:12,16.46,966.87
2026-07-08 00:23:12,16.41,966.89
2026-07-08 00:28:12,16.28,966.95
2026-07-08 00:33:12,15.98,967.07
2026-07-08 00:38:12,15.58,967.07
2026-07-08 00:43:12,15.34,967.07
2026-07-08 00:48:12,15.24,967.06
2026-07-08 00:53:12,15.22,966.9
2026-07-08 00:58:12,15.18,966.79
2026-07-08 01:03:12,15.11,966.6
2026-07-08 01:08:12,15.04,966.36
2026-07-08 01:13:12,15.02,966.1
2026-07-08 01:18:12,15.01,965.91
2026-07-08 01:23:12,14.99,965.73
2026-07-08 01:28:12,14.98,965.65
2026-07-08 01:33:12,14.99,965.51
2026-07-08 01:38:12,15.06,965.41
2026-07-08 01:43:12,15.13,965.32
2026-07-08 01:48:12,15.16,965.39
2026-07-08 01:53:12,15.21,965.44
2026-07-08 01:58:12,15.25,965.5
2026-07-08 02:03:12,15.34,965.42
2026-07-08 02:08:12,15.49,965.47
2026-07-08 02:13:12,15.68,965.32
2026-07-08 02:18:12,15.76,965.29
2026-07-08 02:23:12,15.88,965.18
2026-07-08 02:28:12,16.0,965.09
2026-07-08 02:33:12,16.16,965.06
2026-07-08 02:38:12,16.21,965.09
2026-07-08 02:43:12,16.27,965.03
2026-07-08 02:48:12,16.31,965.14
2026-07-08 02:53:12,16.46,965.13
2026-07-08 02:58:12,16.49,965.07
2026-07-08 03:03:12,16.57,965.11
2026-07-08 03:08:12,16.62,965.23
2026-07-08 03:13:12,16.36,965.32
2026-07-08 03:18:12,16.08,965.45
2026-07-08 03:23:12,15.87,965.55
2026-07-08 03:28:12,15.61,965.61
2026-07-08 03:33:12,14.89,965.79
2026-07-08 03:38:12,14.12,965.9
2026-07-08 03:43:12,13.94,965.92
2026-07-08 03:48:12,13.87,965.89
2026-07-08 03:53:12,13.82,965.97
2026-07-08 03:58:12,13.66,965.97
2026-07-08 04:03:12,13.72,966.04
2026-07-08 04:08:12,13.5,966.06
2026-07-08 04:13:12,13.58,966.1
2026-07-08 04:18:12,13.59,966.03
2026-07-08 04:23:12,13.51,966.08
2026-07-08 04:28:12,13.61,966.12
2026-07-08 04:33:12,13.52,966.11
2026-07-08 04:38:12,13.56,966.16
2026-07-08 04:43:12,13.5,966.18
2026-07-08 04:48:12,13.39,966.13
2026-07-08 04:53:12,13.47,966.13
2026-07-08 04:58:12,13.47,966.17
2026-07-08 05:03:12,13.47,966.11
2026-07-08 05:08:12,13.47,966.03
2026-07-08 05:13:12,13.46,966.12
2026-07-08 05:18:12,13.48,966.13
2026-07-08 05:23:12,13.39,966.23
2026-07-08 05:28:12,13.49,966.3
2026-07-08 05:33:12,13.45,966.33
2026-07-08 05:38:12,13.56,966.41
2026-07-08 05:43:12,13.72,966.58
2026-07-08 05:48:12,13.7,966.53
2026-07-08 05:53:12,13.73,966.56
2026-07-08 05:58:12,13.74,966.63
2026-07-08 06:03:12,13.79,966.67
2026-07-08 06:08:12,13.79,966.71
2026-07-08 06:13:12,14.01,966.81
2026-07-08 06:18:12,13.85,966.69
2026-07-08 06:23:12,13.92,966.81
2026-07-08 06:28:12,13.83,966.86
2026-07-08 06:33:12,13.65,967.01
2026-07-08 06:38:12,13.52,967.08
2026-07-08 06:43:12,13.72,967.04
2026-07-08 06:48:12,13.88,967.07
2026-07-08 06:53:12,13.89,967.13
2026-07-08 06:58:12,14.2,967.28
2026-07-08 07:03:12,14.34,967.39
2026-07-08 07:08:12,14.23,967.43
2026-07-08 07:13:12,14.08,967.5
2026-07-08 07:18:12,13.69,967.66
2026-07-08 07:23:12,13.46,967.81
2026-07-08 07:28:12,13.68,967.9
2026-07-08 07:33:12,14.51,967.79
2026-07-08 07:38:12,15.04,967.81
2026-07-08 07:43:12,14.66,967.86
2026-07-08 07:48:12,14.61,967.89
2026-07-08 07:53:12,14.39,967.94
2026-07-08 07:58:12,14.57,968.02
2026-07-08 08:03:12,14.87,968.0
2026-07-08 08:08:12,15.37,967.91
2026-07-08 08:13:12,15.93,967.92
2026-07-08 08:18:12,16.32,967.95
2026-07-08 08:23:12,15.58,968.05
2026-07-08 08:28:12,15.36,968.08
2026-07-08 08:33:12,15.6,968.02
2026-07-08 08:38:12,15.44,968.07
2026-07-08 08:43:12,15.94,967.98
2026-07-08 08:48:12,15.68,968.06
2026-07-08 08:53:12,16.18,968.18
2026-07-08 08:58:12,15.11,968.25
2026-07-08 09:03:12,15.14,968.29
2026-07-08 09:08:12,15.62,968.26
2026-07-08 09:13:12,15.63,968.28
2026-07-08 09:18:12,15.88,968.14
2026-07-08 09:23:12,15.71,968.13
2026-07-08 09:28:12,15.65,968.13
2026-07-08 09:33:12,15.78,968.27
2026-07-08 09:38:12,15.98,968.14
2026-07-08 09:43:12,15.61,968.26
2026-07-08 09:48:12,16.46,968.27
2026-07-08 09:53:12,16.32,968.27
2026-07-08 09:58:12,16.39,968.35
2026-07-08 10:03:12,16.55,968.44
2026-07-08 10:08:12,16.43,968.6
2026-07-08 10:13:12,16.22,968.63
2026-07-08 10:18:12,15.7,968.57
2026-07-08 10:23:12,15.77,968.56
2026-07-08 10:28:12,15.64,968.65
2026-07-08 10:33:12,15.65,968.62
2026-07-08 10:38:12,15.7,968.52
2026-07-08 10:43:12,16.66,968.45
2026-07-08 10:48:12,16.26,968.53
2026-07-08 10:53:12,17.16,968.64
2026-07-08 10:58:12,16.36,968.64
2026-07-08 11:03:12,16.84,968.68
2026-07-08 11:08:12,16.21,968.55
2026-07-08 11:13:12,16.45,968.67
2026-07-08 11:18:12,16.99,968.66
2026-07-08 11:23:12,17.35,968.68
2026-07-08 11:28:12,17.0,968.7
2026-07-08 11:33:12,17.1,968.75
2026-07-08 11:38:12,17.2,968.78
2026-07-08 11:43:12,17.29,968.74
2026-07-08 11:48:12,17.37,968.74
2026-07-08 11:53:12,17.51,968.81
2026-07-08 11:58:12,17.89,968.84
2026-07-08 12:03:12,17.94,968.85
2026-07-08 12:08:12,17.8,968.95
2026-07-08 12:13:12,18.15,968.97
2026-07-08 12:18:12,18.24,968.99
2026-07-08 12:23:12,18.04,969.01
2026-07-08 12:28:12,18.28,969.02
2026-07-08 12:33:12,18.46,968.94
2026-07-08 12:38:12,18.48,969.11
2026-07-08 12:43:12,19.1,969.08
2026-07-08 12:48:12,17.67,969.2
2026-07-08 12:53:12,17.83,969.1
2026-07-08 12:58:12,18.15,969.11
2026-07-08 13:03:12,18.47,968.96
2026-07-08 13:08:12,18.18,968.92
2026-07-08 13:13:12,18.47,968.91
2026-07-08 13:18:12,18.6,968.94
2026-07-08 13:23:12,19.46,968.94
2026-07-08 13:28:12,18.26,968.9
2026-07-08 13:33:12,18.08,968.97
2026-07-08 13:38:12,18.23,968.93
2026-07-08 13:43:12,18.57,968.85
2026-07-08 13:48:12,18.7,968.94
2026-07-08 13:53:12,18.65,968.9
2026-07-08 13:58:12,18.97,968.78
2026-07-08 14:03:12,18.56,968.85
2026-07-08 14:08:12,18.72,968.76
2026-07-08 14:13:12,19.6,968.72
2026-07-08 14:18:12,18.77,968.75
2026-07-08 14:23:12,19.63,968.76
2026-07-08 14:28:12,20.29,968.78
2026-07-08 14:33:12,20.15,968.71
2026-07-08 14:38:12,20.47,968.63
2026-07-08 14:43:12,18.83,969.13
2026-07-08 14:48:12,19.39,968.76
2026-07-08 14:53:12,19.95,968.78
2026-07-08 14:58:12,20.09,968.77
2026-07-08 15:03:12,19.96,968.7
2026-07-08 15:08:12,18.56,968.65
2026-07-08 15:13:12,19.78,968.62
2026-07-08 15:18:12,19.35,968.69
2026-07-08 15:23:12,19.34,968.6
2026-07-08 15:28:12,19.21,968.64
2026-07-08 15:33:12,19.49,968.64
2026-07-08 15:38:12,19.92,968.66
2026-07-08 15:43:12,20.31,968.62
2026-07-08 15:48:12,19.64,968.66
2026-07-08 15:53:12,19.75,968.66
2026-07-08 15:58:12,19.9,968.62
2026-07-08 16:03:12,20.0,968.55
2026-07-08 16:08:12,20.02,968.64
2026-07-08 16:13:12,20.51,968.56
2026-07-08 16:18:12,21.16,968.46
2026-07-08 16:23:12,20.33,968.6
2026-07-08 16:28:12,19.97,968.55
2026-07-08 16:33:12,19.31,968.59
2026-07-08 16:38:12,19.67,968.36
2026-07-08 16:43:12,19.32,968.53
2026-07-08 16:48:12,19.22,968.66
2026-07-08 16:53:12,18.97,968.49
2026-07-08 16:58:12,19.45,968.52
2026-07-08 17:03:12,19.93,968.64
2026-07-08 17:08:12,19.51,968.62
2026-07-08 17:13:12,18.61,968.74
2026-07-08 17:18:12,19.34,968.68
2026-07-08 17:23:12,19.09,968.76
2026-07-08 17:28:12,19.09,968.71
2026-07-08 17:33:12,18.34,968.78
2026-07-08 17:38:12,18.45,968.87
2026-07-08 17:43:12,18.44,968.86
2026-07-08 17:48:12,18.89,968.92
2026-07-08 17:53:12,19.14,968.86
2026-07-08 17:58:12,18.78,968.83
2026-07-08 18:03:12,18.53,968.93
2026-07-08 18:08:12,18.38,968.9
2026-07-08 18:13:12,18.17,969.07
2026-07-08 18:18:12,18.39,968.99
2026-07-08 18:23:12,18.41,969.01
2026-07-08 18:28:12,18.02,968.99
2026-07-08 18:33:12,18.32,969.26
2026-07-08 18:38:12,18.21,969.23
2026-07-08 18:43:12,18.3,969.21
2026-07-08 18:48:12,18.23,969.29
2026-07-08 18:53:12,18.25,969.34
2026-07-08 18:58:12,17.9,969.38
2026-07-08 19:03:12,17.88,969.36
2026-07-08 19:08:12,17.66,969.39
2026-07-08 19:13:12,17.74,969.4
2026-07-08 19:18:12,17.72,969.5
2026-07-08 19:23:12,17.6,969.37
2026-07-08 19:28:12,17.6,969.39
2026-07-08 19:33:12,17.41,969.36
2026-07-08 19:38:12,17.53,969.37
2026-07-08 19:43:12,17.48,969.43
2026-07-08 19:48:12,17.23,969.42
2026-07-08 19:53:12,17.1,969.48
2026-07-08 19:58:12,16.99,969.48
2026-07-08 20:03:12,16.97,969.52
2026-07-08 20:08:12,16.76,969.6
2026-07-08 20:13:12,16.62,969.68
2026-07-08 20:18:12,16.49,969.7
2026-07-08 20:23:12,16.37,969.71
2026-07-08 20:28:12,16.22,969.71
2026-07-08 20:33:12,16.02,969.77
2026-07-08 20:38:12,15.84,969.79
2026-07-08 20:43:12,15.61,969.85
2026-07-08 20:48:12,15.45,969.84
2026-07-08 20:53:12,15.34,969.92
2026-07-08 20:58:12,15.16,969.93
2026-07-08 21:03:12,14.82,970.05
2026-07-08 21:08:12,14.73,970.06
2026-07-08 21:13:12,14.61,970.08
2026-07-08 21:18:12,14.25,970.18
2026-07-08 21:23:12,14.0,970.18
2026-07-08 21:28:12,13.71,970.18
2026-07-08 21:33:12,13.43,970.28
2026-07-08 21:38:12,13.32,970.24
2026-07-08 21:43:12,13.05,970.25
2026-07-08 21:48:12,13.04,970.3
2026-07-08 21:53:12,13.01,970.27
2026-07-08 21:58:12,12.86,970.31
2026-07-08 22:03:12,12.82,970.31
2026-07-08 22:08:12,12.68,970.44
2026-07-08 22:13:12,12.49,970.44
2026-07-08 22:18:12,12.24,970.51
2026-07-08 22:23:12,12.22,970.47
2026-07-08 22:28:12,12.14,970.5
2026-07-08 22:33:12,12.06,970.52
2026-07-08 22:38:12,12.07,970.5
2026-07-08 22:43:12,12.05,970.47
2026-07-08 22:48:12,11.92,970.5
2026-07-08 22:53:12,11.75,970.51
2026-07-08 22:58:12,11.65,970.48
2026-07-08 23:03:12,11.57,970.42
2026-07-08 23:08:12,11.51,970.39
2026-07-08 23:13:12,11.38,970.34
2026-07-08 23:18:12,11.28,970.34
2026-07-08 23:23:12,11.17,970.3
2026-07-08 23:28:12,11.12,970.31
2026-07-08 23:33:12,11.11,970.36
2026-07-08 23:38:12,11.08,970.32
2026-07-08 23:43:12,11.01,970.32
2026-07-08 23:48:12,10.93,970.34
2026-07-08 23:53:12,10.82,970.31
2026-07-08 23:58:12,10.74,970.31
2026-07-09 00:03:12,10.61,970.3
2026-07-09 00:08:12,10.51,970.36
2026-07-09 00:13:12,10.49,970.27
2026-07-09 00:18:12,10.43,970.2
2026-07-09 00:23:12,10.41,970.13
2026-07-09 00:28:12,10.39,970.09
2026-07-09 00:33:12,10.44,970.16
2026-07-09 00:38:12,10.39,970.11
2026-07-09 00:43:12,10.37,970.16
2026-07-09 00:48:12,10.3,970.08
2026-07-09 00:53:12,10.27,969.99
2026-07-09 00:58:12,10.2,969.83
2026-07-09 01:03:12,10.17,969.83
2026-07-09 01:08:12,10.18,969.87
2026-07-09 01:13:12,10.31,969.88
2026-07-09 01:18:12,10.56,969.8
2026-07-09 01:23:12,10.73,969.79
2026-07-09 01:28:12,10.9,969.78
2026-07-09 01:33:12,11.1,969.72
2026-07-09 01:38:12,11.25,969.75
2026-07-09 01:43:12,11.2,969.72
2026-07-09 01:48:12,11.15,969.82
2026-07-09 01:53:12,11.18,969.84
2026-07-09 01:58:12,11.05,969.75
2026-07-09 02:03:12,10.93,969.85
2026-07-09 02:08:12,10.81,969.92
2026-07-09 02:13:13,10.84,969.86
2026-07-09 02:18:13,10.99,969.82
2026-07-09 02:23:13,11.12,969.81
2026-07-09 02:28:13,11.22,969.74
2026-07-09 02:33:13,11.1,969.68
2026-07-09 02:38:13,10.96,969.67
2026-07-09 02:43:13,10.79,969.69
2026-07-09 02:48:13,10.66,969.63
2026-07-09 02:53:13,10.6,969.63
2026-07-09 02:58:13,10.53,969.57
2026-07-09 03:03:13,10.48,969.6
2026-07-09 03:08:13,10.38,969.62
2026-07-09 03:13:13,10.31,969.56
2026-07-09 03:18:13,10.29,969.52
2026-07-09 03:23:13,10.34,969.53
2026-07-09 03:28:13,10.54,969.52
2026-07-09 03:33:13,10.54,969.49
2026-07-09 03:38:13,10.47,969.49
2026-07-09 03:43:13,10.37,969.5
2026-07-09 03:48:13,10.39,969.44
2026-07-09 03:53:13,10.56,969.4
2026-07-09 03:58:13,10.8,969.41
2026-07-09 04:03:13,10.97,969.44
2026-07-09 04:08:13,11.12,969.47
2026-07-09 04:13:13,11.1,969.35
2026-07-09 04:18:13,11.18,969.29
2026-07-09 04:23:13,11.26,969.22
2026-07-09 04:28:13,11.39,969.13
2026-07-09 04:33:13,11.44,969.2
2026-07-09 04:38:13,11.5,969.25
2026-07-09 04:43:13,11.54,969.14
2026-07-09 04:48:13,11.57,969.26
2026-07-09 04:53:13,11.64,969.25
2026-07-09 04:58:13,11.69,969.22
2026-07-09 05:03:13,11.78,969.27
2026-07-09 05:08:13,11.85,969.14
2026-07-09 05:13:13,11.91,969.18
2026-07-09 05:18:13,11.99,969.14
2026-07-09 05:23:13,12.01,969.16
2026-07-09 05:28:13,12.05,969.15
2026-07-09 05:33:13,12.18,969.13
2026-07-09 05:38:13,12.26,969.13
2026-07-09 05:43:13,12.37,969.18
2026-07-09 05:48:13,12.55,969.13
2026-07-09 05:53:13,12.6,969.09
2026-07-09 05:58:13,12.47,969.03
2026-07-09 06:03:13,12.54,969.05
2026-07-09 06:08:13,12.57,969.1
2026-07-09 06:13:13,12.51,969.13
2026-07-09 06:18:13,12.77,969.05
2026-07-09 06:23:13,12.89,969.0
2026-07-09 06:28:13,12.78,969.13
2026-07-09 06:33:13,12.9,969.17
2026-07-09 06:38:13,13.22,969.26
2026-07-09 06:43:13,13.39,969.33
2026-07-09 06:48:13,13.38,969.29
2026-07-09 06:53:13,13.56,969.37
2026-07-09 06:58:13,14.17,969.35
2026-07-09 07:03:13,13.84,969.41
2026-07-09 07:08:13,13.96,969.4
2026-07-09 07:13:13,13.92,969.61
2026-07-09 07:18:13,14.09,969.62
2026-07-09 07:23:13,14.43,969.64
2026-07-09 07:28:13,15.05,969.53
2026-07-09 07:33:13,15.67,969.51
2026-07-09 07:38:13,15.7,969.56
2026-07-09 07:43:13,16.5,969.55
2026-07-09 07:48:13,15.58,969.58
2026-07-09 07:53:13,15.94,969.51
2026-07-09 07:58:13,17.16,969.4
2026-07-09 08:03:13,16.58,969.52
2026-07-09 08:08:13,16.01,969.6
2026-07-09 08:13:13,15.41,969.56
2026-07-09 08:18:13,15.25,969.69
2026-07-09 08:23:13,15.79,969.77
2026-07-09 08:28:13,16.04,969.81
2026-07-09 08:33:13,15.53,969.81
2026-07-09 08:38:13,15.48,969.86
2026-07-09 08:43:13,15.76,969.76
2026-07-09 08:48:13,15.81,969.73
2026-07-09 08:53:13,15.99,969.7
2026-07-09 08:58:13,17.64,969.61
2026-07-09 09:03:13,17.82,969.73
2026-07-09 09:08:13,17.28,969.62
2026-07-09 09:13:13,17.2,969.54
2026-07-09 09:18:13,16.91,969.52
2026-07-09 09:23:13,16.53,969.57
2026-07-09 09:28:13,15.89,969.56
2026-07-09 09:33:13,16.05,969.47
2026-07-09 09:38:13,15.8,969.59
2026-07-09 09:43:13,15.87,969.57
2026-07-09 09:48:13,15.81,969.55
2026-07-09 09:53:13,16.67,969.56
2026-07-09 09:58:13,16.66,969.63
2026-07-09 10:03:13,16.4,969.64
2026-07-09 10:08:13,16.31,969.66
2026-07-09 10:13:13,16.88,969.59
2026-07-09 10:18:13,16.57,969.59
2026-07-09 10:23:13,16.29,969.73
2026-07-09 10:28:13,16.75,969.69
2026-07-09 10:33:13,17.43,969.69
2026-07-09 10:38:13,17.06,969.67
2026-07-09 10:43:13,18.72,969.68
2026-07-09 10:48:13,18.22,969.6
2026-07-09 10:53:13,17.86,969.59
2026-07-09 10:58:13,18.77,969.55
2026-07-09 11:03:13,18.68,969.67
2026-07-09 11:08:13,18.45,969.57
2026-07-09 11:13:13,19.37,969.61
2026-07-09 11:18:13,17.8,969.7
2026-07-09 11:23:13,17.11,969.71
2026-07-09 11:28:13,16.45,969.79
2026-07-09 11:33:13,16.77,969.72
2026-07-09 11:38:13,16.75,969.75
2026-07-09 11:43:13,16.78,969.94
2026-07-09 11:48:13,14.54,970.34
2026-07-09 11:53:13,13.05,970.39
2026-07-09 11:58:13,13.59,970.24
2026-07-09 12:03:13,14.58,970.22
2026-07-09 12:08:13,16.38,970.15
2026-07-09 12:13:13,17.22,969.91
2026-07-09 12:18:13,16.62,970.23
2026-07-09 12:23:13,17.01,970.34
2026-07-09 12:28:13,17.28,970.36
2026-07-09 12:33:13,17.09,970.39
2026-07-09 12:38:13,17.8,970.37
2026-07-09 12:43:13,17.97,970.41
2026-07-09 12:48:13,18.42,970.29
2026-07-09 12:53:13,18.08,970.35
2026-07-09 12:58:13,19.25,970.21
2026-07-09 13:03:13,19.23,970.22
2026-07-09 13:08:13,18.99,970.09
2026-07-09 13:13:13,18.5,970.15
2026-07-09 13:18:13,18.63,970.08
2026-07-09 13:23:13,18.91,970.15
2026-07-09 13:28:13,18.32,970.09
2026-07-09 13:33:13,19.17,969.97
2026-07-09 13:38:13,18.92,970.11
2026-07-09 13:43:13,19.31,969.93
2026-07-09 13:48:13,19.49,969.97
2026-07-09 13:53:13,19.3,970.06
2026-07-09 13:58:13,18.3,970.21
2026-07-09 14:03:13,18.35,970.3
2026-07-09 14:08:13,17.6,970.39
2026-07-09 14:13:13,17.32,970.69
2026-07-09 14:18:13,16.46,970.86
2026-07-09 14:23:13,16.49,970.95
2026-07-09 14:28:13,16.29,970.88
2026-07-09 14:33:13,16.52,970.79
2026-07-09 14:38:13,16.67,970.78
2026-07-09 14:43:13,17.07,970.79
2026-07-09 14:48:13,16.64,970.82
2026-07-09 14:53:13,17.19,970.78
2026-07-09 14:58:13,17.47,970.8
2026-07-09 15:03:13,17.84,970.76
2026-07-09 15:08:13,18.31,970.8
2026-07-09 15:13:13,18.95,970.83
2026-07-09 15:18:13,19.13,970.85
2026-07-09 15:23:13,18.85,970.84
2026-07-09 15:28:13,17.93,970.9
2026-07-09 15:33:13,17.55,970.91
2026-07-09 15:38:13,17.71,970.88
2026-07-09 15:43:13,17.64,970.86
2026-07-09 15:48:13,17.78,970.87
2026-07-09 15:53:13,17.66,970.9
2026-07-09 15:58:13,18.23,970.86
2026-07-09 16:03:13,19.02,970.91
2026-07-09 16:08:13,19.43,970.91
2026-07-09 16:13:13,19.9,970.88
2026-07-09 16:18:13,20.4,970.77
2026-07-09 16:23:13,20.55,970.74
2026-07-09 16:28:13,20.37,970.62
2026-07-09 16:33:13,20.53,970.66
2026-07-09 16:38:13,20.18,970.74
2026-07-09 16:43:13,20.14,970.73
2026-07-09 16:48:13,20.41,970.63
2026-07-09 16:53:13,19.96,970.77
2026-07-09 16:58:13,18.42,970.81
2026-07-09 17:03:13,18.94,970.73
2026-07-09 17:08:13,18.7,970.75
2026-07-09 17:13:13,18.9,970.67
2026-07-09 17:18:13,18.83,970.63
2026-07-09 17:23:13,18.45,970.69
2026-07-09 17:28:13,18.31,970.71
2026-07-09 17:33:13,18.02,970.73
2026-07-09 17:38:13,17.89,970.74
2026-07-09 17:43:13,17.82,970.75
2026-07-09 17:48:13,17.88,970.74
2026-07-09 17:53:13,17.88,970.72
2026-07-09 17:58:13,17.86,970.73
2026-07-09 18:03:13,18.1,970.77
2026-07-09 18:08:13,18.25,970.78
2026-07-09 18:13:13,17.85,970.72
2026-07-09 18:18:13,17.55,970.75
2026-07-09 18:23:13,17.69,970.77
2026-07-09 18:28:13,17.93,970.71
2026-07-09 18:33:13,17.72,970.7
2026-07-09 18:38:13,17.53,970.76
2026-07-09 18:43:13,17.61,970.72
2026-07-09 18:54:50,17.18,970.89
2026-07-09 18:59:50,17.27,970.86
2026-07-09 19:04:50,17.11,970.95
2026-07-09 19:09:50,17.18,970.92
2026-07-09 19:14:50,17.13,970.92
2026-07-09 19:19:50,16.97,970.9
2026-07-09 19:24:50,16.84,970.93
2026-07-09 19:29:50,16.84,970.9
2026-07-09 19:34:50,16.93,970.91
2026-07-09 19:39:50,16.95,970.99
2026-07-09 19:44:50,16.88,971.01
2026-07-09 19:49:50,16.76,971.01
2026-07-09 19:54:50,16.65,971.03
2026-07-09 19:59:50,16.65,971.03
2026-07-09 20:04:50,16.6,971.0
2026-07-09 20:09:50,16.61,971.03
2026-07-09 20:14:50,16.61,971.08
2026-07-09 20:19:50,16.49,971.16
2026-07-09 20:24:50,16.38,971.2
2026-07-09 20:29:50,16.14,971.17
2026-07-09 20:34:50,16.02,971.16
2026-07-09 20:39:50,15.8,971.17
2026-07-09 20:44:50,15.73,971.23
2026-07-09 20:49:50,15.61,971.24
2026-07-09 20:54:50,15.56,971.3
2026-07-09 20:59:50,15.45,971.33
2026-07-09 21:04:50,15.29,971.35
2026-07-09 21:09:50,15.12,971.41
2026-07-09 21:14:50,14.91,971.49
2026-07-09 21:19:50,14.65,971.54
2026-07-09 21:24:50,14.47,971.55
2026-07-09 21:29:50,14.32,971.62
2026-07-09 21:34:50,14.09,971.58
2026-07-09 21:39:50,13.92,971.69
2026-07-09 21:44:50,13.77,971.66
2026-07-09 21:49:50,13.58,971.68
2026-07-09 21:54:50,13.42,971.76
2026-07-09 21:59:50,13.34,971.85
2026-07-09 22:04:50,13.32,971.86
2026-07-09 22:09:50,13.37,971.81
2026-07-09 22:14:50,13.45,971.81
2026-07-09 22:19:50,13.48,971.84
2026-07-09 22:24:50,13.42,971.82
2026-07-09 22:29:50,13.42,971.91
2026-07-09 22:34:50,13.53,971.9
2026-07-09 22:39:50,13.57,971.88
2026-07-09 22:44:50,13.61,971.89
2026-07-09 22:49:50,13.52,971.91
2026-07-09 22:54:50,13.32,971.94
2026-07-09 22:59:50,13.08,971.9
2026-07-09 23:04:50,12.89,971.88
2026-07-09 23:09:50,12.8,971.88
2026-07-09 23:14:50,12.76,971.91
2026-07-09 23:19:50,12.82,971.92
2026-07-09 23:24:50,12.95,971.91
2026-07-09 23:29:50,13.05,971.87
2026-07-09 23:34:50,13.08,971.87
2026-07-09 23:39:50,13.05,971.95
2026-07-09 23:44:50,13.12,971.93
2026-07-09 23:49:50,13.06,971.97
2026-07-09 23:54:50,12.9,971.98
2026-07-09 23:59:50,12.74,971.96
2026-07-10 00:04:50,12.62,971.99
2026-07-10 00:09:50,12.6,971.94
2026-07-10 00:14:50,12.63,971.95
2026-07-10 00:19:50,12.64,971.94
2026-07-10 00:24:50,12.54,971.91
2026-07-10 00:29:50,12.38,971.98
2026-07-10 00:34:50,12.35,971.94
2026-07-10 00:39:50,12.33,971.96
2026-07-10 00:44:50,12.49,971.9
2026-07-10 00:49:50,12.68,971.93
2026-07-10 00:54:50,12.86,971.94
2026-07-10 00:59:50,12.95,971.96
2026-07-10 01:04:50,13.11,971.95
2026-07-10 01:09:50,13.25,971.92
2026-07-10 01:14:50,13.29,971.85
2026-07-10 01:19:50,13.36,971.85
2026-07-10 01:24:50,13.4,971.84
2026-07-10 01:29:50,13.37,971.86
2026-07-10 01:34:50,13.3,971.85
2026-07-10 01:39:50,13.22,971.87
2026-07-10 01:44:50,12.99,971.84
2026-07-10 01:49:50,12.7,971.77
2026-07-10 01:54:50,12.4,971.8
2026-07-10 01:59:50,12.37,971.77
2026-07-10 02:04:50,12.47,971.81
2026-07-10 02:09:50,12.48,971.79
2026-07-10 02:14:50,12.42,971.77
2026-07-10 02:19:50,12.35,971.82
2026-07-10 02:24:50,12.43,971.75
2026-07-10 02:29:50,12.35,971.85
2026-07-10 02:34:50,12.39,971.87
2026-07-10 02:39:50,12.4,971.93
2026-07-10 02:44:50,12.36,971.89
2026-07-10 02:49:50,12.29,971.88
2026-07-10 02:54:50,12.16,971.94
2026-07-10 02:59:50,12.0,971.8
2026-07-10 03:04:50,11.86,971.85
2026-07-10 03:09:50,11.72,971.89
2026-07-10 03:14:50,11.69,971.86
2026-07-10 03:19:50,11.62,971.88
2026-07-10 03:24:50,11.61,971.85
2026-07-10 03:29:50,11.62,971.87
2026-07-10 03:34:50,11.59,971.81
2026-07-10 03:39:50,11.42,971.83
2026-07-10 03:44:50,11.28,971.83
2026-07-10 03:49:50,11.19,971.83
2026-07-10 03:54:50,11.05,971.85
2026-07-10 03:59:50,11.03,971.8
2026-07-10 04:04:50,11.03,971.81
2026-07-10 04:09:50,10.97,971.9
2026-07-10 04:14:50,10.83,971.93
2026-07-10 04:19:50,11.01,971.8
2026-07-10 04:24:50,11.07,971.76
2026-07-10 04:29:50,11.17,971.74
2026-07-10 04:34:50,11.19,971.76
2026-07-10 04:39:50,11.21,971.86
2026-07-10 04:44:50,11.2,971.91
2026-07-10 04:49:50,11.24,971.94
2026-07-10 04:54:50,11.08,971.84
2026-07-10 04:59:50,10.96,971.84
2026-07-10 05:04:50,10.87,971.93
2026-07-10 05:09:50,10.79,971.91
2026-07-10 05:14:50,10.81,971.9
2026-07-10 05:19:50,10.78,971.95
2026-07-10 05:24:50,10.85,971.92
2026-07-10 05:29:50,10.93,971.96
2026-07-10 05:34:50,10.95,972.01
2026-07-10 05:39:50,11.02,972.09
2026-07-10 05:44:50,11.03,972.16
2026-07-10 05:49:50,11.19,972.11
2026-07-10 05:54:50,11.4,972.13
2026-07-10 05:59:50,11.72,972.13
2026-07-10 06:04:50,11.97,972.09
2026-07-10 06:09:50,12.14,972.06
2026-07-10 06:14:50,12.38,972.1
2026-07-10 06:19:50,12.56,972.16
2026-07-10 06:24:50,12.8,972.21
2026-07-10 06:29:50,13.37,972.21
2026-07-10 06:34:50,14.09,972.13
2026-07-10 06:39:50,14.22,972.11
2026-07-10 06:44:50,15.21,972.18
2026-07-10 06:49:50,15.35,972.23
2026-07-10 06:54:50,15.68,972.25
2026-07-10 06:59:50,15.36,972.25
2026-07-10 07:04:50,15.06,972.26
2026-07-10 07:09:50,14.84,972.26
2026-07-10 07:14:50,14.87,972.3
2026-07-10 07:19:50,14.78,972.29
2026-07-10 07:24:50,15.07,972.28
2026-07-10 07:29:50,15.26,972.3
2026-07-10 07:34:50,15.72,972.27
2026-07-10 07:39:50,15.9,972.25
2026-07-10 07:44:50,16.44,972.3
2026-07-10 07:49:50,16.82,972.3
2026-07-10 07:54:50,17.28,972.26
2026-07-10 07:59:50,17.34,972.33
2026-07-10 08:04:50,17.76,972.39
2026-07-10 08:09:50,17.08,972.47
2026-07-10 08:14:50,16.87,972.52
2026-07-10 08:19:50,17.16,972.56
2026-07-10 08:24:50,16.6,972.62
2026-07-10 08:29:50,16.38,972.72
2026-07-10 08:34:50,16.7,972.71
2026-07-10 08:39:50,17.09,972.66
2026-07-10 08:44:50,16.94,972.77
2026-07-10 08:49:50,17.54,972.68
2026-07-10 08:54:50,16.72,972.72
2026-07-10 08:59:50,17.76,972.7
2026-07-10 09:04:50,18.48,972.64
2026-07-10 09:09:50,18.8,972.66
2026-07-10 09:14:50,18.17,972.67
2026-07-10 09:19:50,18.21,972.63
2026-07-10 09:24:50,18.38,972.63
2026-07-10 09:29:50,19.01,972.62
2026-07-10 09:34:50,18.34,972.71
2026-07-10 09:39:50,17.76,972.65
2026-07-10 09:44:50,18.12,972.59
2026-07-10 09:49:50,18.89,972.46
2026-07-10 09:54:50,18.6,972.52
2026-07-10 09:59:50,18.75,972.52
2026-07-10 10:04:50,17.94,972.56
2026-07-10 10:09:50,18.55,972.45
2026-07-10 10:14:50,19.5,972.43
2026-07-10 10:19:50,18.97,972.35
2026-07-10 10:24:50,20.1,972.24
2026-07-10 10:29:50,21.17,972.19
2026-07-10 10:34:50,20.05,972.29
2026-07-10 10:39:50,18.85,972.39
2026-07-10 10:44:50,20.56,972.32
2026-07-10 10:49:50,21.1,972.36
2026-07-10 10:54:50,20.22,972.49
2026-07-10 10:59:50,21.17,972.52
2026-07-10 11:04:50,21.61,972.51
2026-07-10 11:09:50,20.15,972.6
2026-07-10 11:14:50,20.32,972.55
2026-07-10 11:19:50,20.27,972.56
2026-07-10 11:24:50,21.47,972.44
2026-07-10 11:29:50,21.76,972.4
2026-07-10 11:34:50,22.1,972.47
2026-07-10 11:39:50,23.12,972.43
2026-07-10 11:44:50,21.82,972.42
2026-07-10 11:49:50,23.34,972.36
2026-07-10 11:54:50,23.24,972.36
2026-07-10 11:59:50,21.28,972.46
2026-07-10 12:04:50,20.96,972.42
2026-07-10 12:09:50,21.78,972.45
2026-07-10 12:14:50,22.81,972.36
2026-07-10 12:19:50,23.6,972.24
2026-07-10 12:24:50,22.59,972.35
2026-07-10 12:29:50,22.67,972.4
2026-07-10 12:34:50,22.43,972.4
2026-07-10 12:39:50,22.07,972.35
2026-07-10 12:44:50,22.29,972.32
2026-07-10 12:49:50,22.46,972.36
2026-07-10 12:54:50,23.03,972.28
2026-07-10 12:59:50,23.1,972.31
2026-07-10 13:04:50,22.93,972.24
2026-07-10 13:09:50,20.54,972.35
2026-07-10 13:14:50,20.49,972.28
2026-07-10 13:19:50,20.44,972.33
2026-07-10 13:24:50,19.14,972.29
2026-07-10 13:29:50,19.4,972.27
2026-07-10 13:34:50,19.6,972.28
2026-07-10 13:39:50,19.83,972.34
2026-07-10 13:44:50,19.72,972.4
2026-07-10 13:49:50,20.09,972.45
2026-07-10 13:54:50,20.22,972.45
2026-07-10 13:59:50,19.58,972.47
2026-07-10 14:04:50,18.75,972.41
2026-07-10 14:09:50,19.07,972.47
2026-07-10 14:14:50,18.84,972.43
2026-07-10 14:19:50,18.46,972.49
2026-07-10 14:24:50,18.39,972.39
2026-07-10 14:29:50,19.05,972.38
2026-07-10 14:34:50,19.73,972.43
2026-07-10 14:39:50,20.56,972.39
2026-07-10 14:44:50,19.99,972.44
2026-07-10 14:49:50,19.4,972.44
2026-07-10 14:54:50,20.07,972.38
2026-07-10 14:59:50,20.38,972.4
2026-07-10 15:04:50,20.32,972.37
2026-07-10 15:09:50,20.16,972.33
2026-07-10 15:14:50,20.12,972.33
2026-07-10 15:19:50,20.18,972.39
2026-07-10 15:24:50,20.29,972.37
2026-07-10 15:29:50,20.71,972.26
2026-07-10 15:34:50,20.95,972.23
2026-07-10 15:39:50,20.77,972.27
2026-07-10 15:44:50,21.26,972.24
2026-07-10 15:49:50,21.13,972.29
2026-07-10 15:54:50,20.53,972.37
2026-07-10 15:59:50,20.23,972.4
2026-07-10 16:04:50,20.07,972.41
2026-07-10 16:09:50,19.89,972.42
2026-07-10 16:14:50,19.89,972.32
2026-07-10 16:19:50,19.98,972.38
2026-07-10 16:24:50,20.24,972.46
2026-07-10 16:29:50,20.69,972.43
2026-07-10 16:34:50,20.75,972.39
2026-07-10 16:39:50,20.24,972.46
2026-07-10 16:44:50,20.01,972.46
2026-07-10 16:49:50,20.02,972.5
2026-07-10 16:54:50,20.12,972.53
2026-07-10 16:59:50,20.11,972.54
2026-07-10 17:04:50,20.58,972.52
2026-07-10 17:09:50,21.24,972.42
2026-07-10 17:14:50,21.53,972.44
2026-07-10 17:19:50,22.03,972.39
2026-07-10 17:24:50,21.82,972.41
2026-07-10 17:29:50,21.43,972.35
2026-07-10 17:34:50,21.87,972.33
2026-07-10 17:39:50,21.71,972.39
2026-07-10 17:44:50,21.51,972.37
2026-07-10 17:49:50,21.27,972.35
2026-07-10 17:54:50,21.0,972.35
2026-07-10 17:59:50,20.99,972.38
2026-07-10 18:04:50,20.24,972.43
2026-07-10 18:09:50,20.21,972.41
2026-07-10 18:14:50,19.89,972.42
2026-07-10 18:19:50,19.81,972.35
2026-07-10 18:24:50,19.34,972.39
2026-07-10 18:29:50,18.69,972.29
2026-07-10 18:34:50,19.08,972.28
2026-07-10 18:39:50,19.16,972.27
2026-07-10 18:44:50,18.93,972.32
2026-07-10 18:49:50,18.36,972.4
2026-07-10 18:54:50,18.32,972.54
2026-07-10 18:59:50,18.35,972.57
2026-07-10 19:04:50,17.98,972.57
2026-07-10 19:09:50,18.12,972.52
2026-07-10 19:14:50,17.96,972.51
2026-07-10 19:19:50,17.44,972.52
2026-07-10 19:24:50,17.44,972.47
2026-07-10 19:29:50,17.46,972.48
2026-07-10 19:34:50,17.35,972.61
2026-07-10 19:39:50,17.52,972.51
2026-07-10 19:44:50,17.76,972.47
2026-07-10 19:49:50,17.89,972.49
2026-07-10 19:54:50,17.62,972.47
2026-07-10 19:59:50,17.34,972.45
2026-07-10 20:04:50,17.11,972.51
2026-07-10 20:09:50,17.21,972.53
2026-07-10 20:14:50,17.16,972.46
2026-07-10 20:19:50,16.72,972.45
2026-07-10 20:24:50,16.31,972.45
2026-07-10 20:29:50,16.05,972.44
2026-07-10 20:34:50,15.77,972.47
2026-07-10 20:39:50,15.59,972.5
2026-07-10 20:44:50,15.48,972.53
2026-07-10 20:49:50,15.4,972.65
2026-07-10 20:54:50,15.27,972.58
2026-07-10 20:59:50,15.09,972.7
2026-07-10 21:04:50,15.03,972.71
2026-07-10 21:09:50,14.98,972.73
2026-07-10 21:14:50,14.87,972.73
2026-07-10 21:19:50,14.64,972.67
2026-07-10 21:24:50,14.49,972.64
2026-07-10 21:29:50,14.36,972.66
2026-07-10 21:34:50,14.26,972.74
2026-07-10 21:39:50,14.26,972.79
2026-07-10 21:44:50,14.29,972.82
2026-07-10 21:49:50,14.34,972.79
2026-07-10 21:54:50,14.42,972.77
2026-07-10 21:59:50,14.45,972.78
2026-07-10 22:04:50,14.5,972.84
2026-07-10 22:09:50,14.57,972.8
2026-07-10 22:14:50,14.61,972.9
2026-07-10 22:19:50,14.69,972.81
2026-07-10 22:24:50,14.75,972.73
2026-07-10 22:29:50,14.76,972.75
2026-07-10 22:34:50,14.71,972.79
2026-07-10 22:39:50,14.58,972.86
2026-07-10 22:44:50,14.44,972.85
2026-07-10 22:49:50,14.36,972.83
2026-07-10 22:54:50,14.3,972.79
2026-07-10 22:59:50,14.18,972.86
2026-07-10 23:04:50,14.06,972.84
2026-07-10 23:09:50,13.95,972.83
2026-07-10 23:14:50,13.84,972.94
2026-07-10 23:19:50,13.81,972.94
2026-07-10 23:24:50,13.8,972.97
2026-07-10 23:29:50,13.82,973.02
2026-07-10 23:34:50,13.81,972.93
2026-07-10 23:39:50,13.76,972.94
2026-07-10 23:44:50,13.69,972.91
2026-07-10 23:49:50,13.71,972.85
2026-07-10 23:54:50,13.74,972.94
2026-07-10 23:59:50,13.78,972.93
2026-07-11 00:04:50,13.78,972.91
2026-07-11 00:09:50,13.77,972.97
2026-07-11 00:14:50,13.78,973.02
2026-07-11 00:19:50,13.78,973.06
2026-07-11 00:24:50,13.77,973.05
2026-07-11 00:29:50,13.76,972.99
2026-07-11 00:34:50,13.73,973.01
2026-07-11 00:39:50,13.68,973.09
2026-07-11 00:44:50,13.64,973.15
2026-07-11 00:49:50,13.59,973.13
2026-07-11 00:54:50,13.58,973.15
2026-07-11 00:59:50,13.58,973.08
2026-07-11 01:04:50,13.63,973.14
2026-07-11 01:09:50,13.66,973.17
2026-07-11 01:14:50,13.78,973.13
2026-07-11 01:19:50,13.82,973.06
2026-07-11 01:24:50,13.8,973.11
2026-07-11 01:29:50,13.84,973.08
2026-07-11 01:34:50,13.84,973.14
2026-07-11 01:39:50,13.83,973.12
2026-07-11 01:44:50,13.84,973.08
2026-07-11 01:49:50,13.82,973.11
2026-07-11 01:54:50,13.82,973.21
2026-07-11 01:59:50,13.79,973.2
2026-07-11 02:04:50,13.69,973.16
2026-07-11 02:09:50,13.58,973.14
2026-07-11 02:14:50,13.41,973.01
2026-07-11 02:19:50,13.17,973.01
2026-07-11 02:24:50,13.05,973.15
2026-07-11 02:29:50,13.09,973.12
2026-07-11 02:34:50,13.2,973.02
2026-07-11 02:39:50,13.32,973.08
2026-07-11 02:44:50,13.39,973.19
2026-07-11 02:49:50,13.4,973.17
2026-07-11 02:54:50,13.22,973.11
2026-07-11 02:59:50,12.99,973.11
2026-07-11 03:04:50,12.74,973.19
2026-07-11 03:09:50,12.55,973.19
2026-07-11 03:14:50,12.42,973.17
2026-07-11 03:19:50,12.34,973.2
2026-07-11 03:24:50,12.28,973.31
2026-07-11 03:29:50,12.3,973.33
2026-07-11 03:34:50,12.28,973.26
2026-07-11 03:39:50,12.23,973.36
2026-07-11 03:44:50,12.2,973.32
2026-07-11 03:49:50,12.27,973.27
2026-07-11 03:54:50,12.45,973.16
2026-07-11 03:59:50,12.57,973.2
2026-07-11 04:04:50,12.63,973.23
2026-07-11 04:09:50,12.7,973.27
2026-07-11 04:14:50,12.79,973.27
2026-07-11 04:19:50,12.86,973.31
2026-07-11 04:24:50,12.91,973.43
2026-07-11 04:29:50,12.97,973.46
2026-07-11 04:34:50,13.04,973.47
2026-07-11 04:39:50,13.09,973.49
2026-07-11 04:44:50,13.11,973.33
2026-07-11 04:49:50,13.11,973.4
2026-07-11 04:54:50,13.12,973.38
2026-07-11 04:59:50,12.93,973.33
2026-07-11 05:04:50,12.71,973.36
2026-07-11 05:09:50,12.66,973.38
2026-07-11 05:14:50,12.8,973.31
2026-07-11 05:19:50,12.69,973.39
2026-07-11 05:24:50,12.49,973.51
2026-07-11 05:29:50,12.68,973.47
2026-07-11 05:34:50,12.66,973.52
2026-07-11 05:39:50,12.68,973.48
2026-07-11 05:44:50,12.89,973.52
2026-07-11 05:49:50,13.08,973.51
2026-07-11 05:54:50,13.37,973.57
2026-07-11 05:59:50,13.35,973.59
2026-07-11 06:04:50,13.45,973.6
2026-07-11 06:09:50,13.5,973.6
2026-07-11 06:14:50,13.83,973.55
2026-07-11 06:19:50,14.17,973.54
2026-07-11 06:24:50,14.33,973.66
2026-07-11 06:29:50,14.61,973.68
2026-07-11 06:34:50,14.39,973.76
2026-07-11 06:39:50,14.22,973.83
2026-07-11 06:44:50,14.17,973.82
2026-07-11 06:49:50,14.02,973.8
2026-07-11 06:54:50,13.86,973.9
2026-07-11 06:59:50,13.83,973.88
2026-07-11 07:04:50,13.81,973.94
2026-07-11 07:09:50,13.87,973.96
2026-07-11 07:14:50,13.91,974.04
2026-07-11 07:19:50,14.09,973.99
2026-07-11 07:24:50,14.2,974.0
2026-07-11 07:29:50,14.14,974.09
2026-07-11 07:34:50,14.17,974.15
2026-07-11 07:39:50,14.23,974.15
2026-07-11 07:44:50,14.36,974.23
2026-07-11 07:49:50,14.52,974.26
2026-07-11 07:54:50,14.68,974.25
2026-07-11 07:59:50,14.86,974.22
2026-07-11 08:04:50,14.98,974.23
2026-07-11 08:09:50,15.13,974.25
2026-07-11 08:14:50,15.21,974.33
2026-07-11 08:19:50,15.46,974.35
2026-07-11 08:24:50,15.94,974.38
2026-07-11 08:29:50,16.13,974.43
2026-07-11 08:34:50,16.23,974.45
2026-07-11 08:39:50,15.97,974.45
2026-07-11 08:44:50,16.11,974.48
2026-07-11 08:49:50,15.76,974.48
2026-07-11 08:54:50,15.6,974.51
2026-07-11 08:59:50,15.39,974.52
2026-07-11 09:04:50,15.18,974.61
2026-07-11 09:09:50,15.03,974.76
2026-07-11 09:14:50,15.57,974.73
2026-07-11 09:19:50,15.91,974.75
2026-07-11 09:24:50,16.22,974.87
2026-07-11 09:29:50,16.28,974.89
2026-07-11 09:34:50,16.35,974.91
2026-07-11 09:39:50,16.93,974.92
2026-07-11 09:44:50,16.48,975.05
2026-07-11 09:49:50,16.26,975.03
2026-07-11 09:54:51,17.11,975.03
2026-07-11 09:59:51,17.0,975.11
2026-07-11 10:04:51,17.02,975.12
2026-07-11 10:09:51,17.44,975.14
2026-07-11 10:14:51,18.37,975.23
2026-07-11 10:19:51,18.56,975.3
2026-07-11 10:24:51,19.1,975.3
2026-07-11 10:29:51,18.28,975.38
2026-07-11 10:34:51,19.44,975.4
2026-07-11 10:39:51,19.95,975.43
2026-07-11 10:44:51,19.81,975.36
2026-07-11 10:49:51,20.68,975.29
2026-07-11 10:54:51,19.89,975.37
2026-07-11 10:59:51,20.84,975.36
2026-07-11 11:04:51,20.51,975.38
2026-07-11 11:09:51,18.86,975.38
2026-07-11 11:14:51,20.04,975.33
2026-07-11 11:19:51,20.27,975.36
2026-07-11 11:24:51,19.52,975.31
2026-07-11 11:29:51,18.64,975.42
2026-07-11 11:34:51,18.15,975.4
2026-07-11 11:39:51,18.93,975.32
2026-07-11 11:44:51,18.62,975.35
2026-07-11 11:49:51,19.44,975.28
2026-07-11 11:54:51,20.3,975.31
2026-07-11 11:59:51,19.96,975.31
2026-07-11 12:04:51,20.49,975.26
2026-07-11 12:09:51,19.88,975.43
2026-07-11 12:14:51,19.31,975.38
2026-07-11 12:19:51,20.89,975.36
2026-07-11 12:24:51,20.52,975.45
2026-07-11 12:29:51,19.46,975.39
2026-07-11 12:34:51,21.01,975.38
2026-07-11 12:39:51,21.57,975.35
2026-07-11 12:44:51,21.76,975.34
2026-07-11 12:49:51,21.01,975.38
2026-07-11 12:54:51,20.97,975.38
2026-07-11 12:59:51,20.57,975.39
2026-07-11 13:04:51,20.36,975.43
2026-07-11 13:09:51,21.27,975.38
2026-07-11 13:14:51,20.47,975.46
2026-07-11 13:19:51,19.95,975.47
2026-07-11 13:24:51,20.6,975.39
2026-07-11 13:29:51,21.58,975.39
2026-07-11 13:34:51,23.02,975.31
2026-07-11 13:39:51,22.59,975.31
2026-07-11 13:44:51,21.45,975.31
2026-07-11 13:49:51,20.35,975.37
2026-07-11 13:54:51,19.72,975.34
2026-07-11 13:59:51,19.59,975.34
2026-07-11 14:04:51,19.81,975.34
2026-07-11 14:09:51,20.21,975.34
2026-07-11 14:14:51,21.13,975.37
2026-07-11 14:19:51,22.4,975.26
2026-07-11 14:24:51,22.4,975.22
2026-07-11 14:29:51,22.68,975.19
2026-07-11 14:34:51,21.67,975.2
2026-07-11 14:39:51,20.89,975.21
2026-07-11 14:44:51,22.23,975.27
2026-07-11 14:49:51,22.33,975.3
2026-07-11 14:54:51,22.4,975.32
2026-07-11 14:59:51,22.91,975.2
2026-07-11 15:04:51,23.54,975.33
2026-07-11 15:09:51,23.17,975.32
2026-07-11 15:14:51,22.94,975.26
2026-07-11 15:19:51,22.67,975.28
2026-07-11 15:24:51,22.4,975.32
2026-07-11 15:29:51,21.3,975.36
2026-07-11 15:34:51,21.97,975.27
2026-07-11 15:39:51,23.64,975.21
2026-07-11 15:44:51,22.87,975.22
2026-07-11 15:49:51,21.97,975.16
2026-07-11 15:54:51,21.57,975.09
2026-07-11 15:59:51,20.71,975.12
2026-07-11 16:04:51,21.66,975.09
2026-07-11 16:09:51,22.23,975.07
2026-07-11 16:14:51,21.91,975.12
2026-07-11 16:19:51,21.48,975.21
2026-07-11 16:24:51,21.02,975.2
2026-07-11 16:29:51,20.74,975.25
2026-07-11 16:34:51,21.12,975.23
2026-07-11 16:39:51,20.47,975.25
2026-07-11 16:44:51,21.46,975.22
2026-07-11 16:49:51,21.54,975.22
2026-07-11 16:54:51,21.4,975.26
2026-07-11 16:59:51,21.76,975.24
2026-07-11 17:04:51,21.43,975.28
2026-07-11 17:09:51,22.28,975.31
2026-07-11 17:14:51,22.33,975.33
2026-07-11 17:19:51,22.28,975.29
2026-07-11 17:24:51,20.86,975.28
2026-07-11 17:29:51,20.63,975.26
2026-07-11 17:34:51,20.59,975.22
2026-07-11 17:39:51,20.79,975.27
2026-07-11 17:44:51,20.51,975.34
2026-07-11 17:49:51,20.33,975.25
2026-07-11 17:54:51,19.98,975.33
2026-07-11 17:59:51,20.21,975.21
2026-07-11 18:04:51,20.34,975.33
2026-07-11 18:09:51,19.99,975.4
2026-07-11 18:14:51,20.1,975.4
2026-07-11 18:19:51,20.1,975.38
2026-07-11 18:24:51,20.03,975.43
2026-07-11 18:29:51,19.8,975.41
2026-07-11 18:34:51,19.51,975.4
2026-07-11 18:39:51,19.76,975.44
2026-07-11 18:44:51,19.55,975.4
2026-07-11 18:49:51,19.45,975.36
2026-07-11 18:54:51,19.32,975.29
2026-07-11 18:59:51,19.23,975.21
2026-07-11 19:04:51,19.27,975.22
2026-07-11 19:09:51,19.12,975.17
2026-07-11 19:14:51,19.08,975.23
2026-07-11 19:19:51,18.94,975.2
2026-07-11 19:24:51,19.03,975.22
2026-07-11 19:29:51,18.88,975.19
2026-07-11 19:34:51,18.85,975.12
2026-07-11 19:39:51,18.75,975.18
2026-07-11 19:44:51,18.9,975.21
2026-07-11 19:49:51,18.74,975.18
2026-07-11 19:54:51,18.39,975.2
2026-07-11 19:59:51,18.14,975.27
2026-07-11 20:04:51,17.86,975.35
2026-07-11 20:09:51,17.77,975.41
2026-07-11 20:14:51,17.53,975.45
2026-07-11 20:19:51,17.35,975.51
2026-07-11 20:24:51,17.15,975.52
2026-07-11 20:29:51,16.98,975.63
2026-07-11 20:34:51,16.88,975.62
2026-07-11 20:39:51,16.81,975.6
2026-07-11 20:44:51,16.7,975.61
2026-07-11 20:49:51,16.5,975.71
2026-07-11 20:54:51,16.35,975.7
2026-07-11 20:59:51,16.22,975.74
2026-07-11 21:04:51,16.12,975.81
2026-07-11 21:09:51,16.04,975.81
2026-07-11 21:14:51,16.0,975.8
2026-07-11 21:19:51,15.95,975.74
2026-07-11 21:24:51,15.9,975.75
2026-07-11 21:29:51,15.73,975.76
2026-07-11 21:34:51,15.5,975.82
2026-07-11 21:39:51,15.26,975.85
2026-07-11 21:44:51,15.12,975.83
2026-07-11 21:49:51,15.05,975.76
2026-07-11 21:54:51,14.97,975.75
2026-07-11 21:59:51,14.86,975.75
2026-07-11 22:04:51,14.79,975.76
2026-07-11 22:09:51,14.79,975.78
2026-07-11 22:14:51,14.79,975.81
2026-07-11 22:19:51,14.76,975.73
2026-07-11 22:24:51,14.74,975.66
2026-07-11 22:29:51,14.71,975.63
2026-07-11 22:34:51,14.63,975.67
2026-07-11 22:39:51,14.59,975.62
2026-07-11 22:44:51,14.52,975.55
2026-07-11 22:49:51,14.38,975.53
2026-07-11 22:54:51,14.13,975.45
2026-07-11 22:59:51,14.0,975.45
2026-07-11 23:04:51,13.89,975.46
2026-07-11 23:09:51,13.81,975.38
2026-07-11 23:14:51,13.66,975.41
2026-07-11 23:19:51,13.51,975.34
2026-07-11 23:24:51,13.42,975.35
2026-07-11 23:29:51,13.41,975.35
2026-07-11 23:34:51,13.33,975.36
2026-07-11 23:39:51,13.27,975.41
2026-07-11 23:44:51,13.21,975.43
2026-07-11 23:49:51,13.14,975.38
2026-07-11 23:54:51,13.05,975.39
2026-07-11 23:59:51,12.96,975.37
2026-07-12 00:04:51,12.89,975.27
2026-07-12 00:09:51,12.88,975.27
2026-07-12 00:14:51,12.82,975.25
2026-07-12 00:19:51,12.8,975.23
2026-07-12 00:24:51,12.82,975.24
2026-07-12 00:29:51,12.81,975.25
2026-07-12 00:34:51,12.81,975.22
2026-07-12 00:39:51,12.8,975.29
2026-07-12 00:44:51,12.77,975.28
2026-07-12 00:49:51,12.76,975.31
2026-07-12 00:54:51,12.78,975.31
2026-07-12 00:59:51,12.79,975.31
2026-07-12 01:04:51,12.81,975.26
2026-07-12 01:09:51,12.81,975.19
2026-07-12 01:14:51,12.75,975.23
2026-07-12 01:19:51,12.62,975.11
2026-07-12 01:24:51,12.47,975.08
2026-07-12 01:29:51,12.41,975.09
2026-07-12 01:34:51,12.36,975.04
2026-07-12 01:39:51,12.39,974.98
2026-07-12 01:44:51,12.34,975.0
2026-07-12 01:49:51,12.37,974.92
2026-07-12 01:54:51,12.38,974.81
2026-07-12 01:59:51,12.44,974.77
2026-07-12 02:04:51,12.52,974.74
2026-07-12 02:09:51,12.52,974.68
